{"type":"Feature","properties":{"name":"Lums Pond State Park Course","routeType":"Submitted Apple Health GPX course record","distanceKilometers":5.27,"distanceMiles":3.28,"note":"Route geometry derived from a submitted Apple Health GPX track. Historical course verification is ongoing."},"geometry":{"type":"LineString","coordinates":[[-75.715228,39.558143],[-75.715216,39.558138],[-75.715203,39.558135],[-75.715189,39.558134],[-75.715175,39.558132],[-75.71516,39.558131],[-75.715146,39.558129],[-75.715131,39.558128],[-75.715116,39.558127],[-75.7151,39.558126],[-75.715085,39.558124],[-75.715071,39.558123],[-75.715055,39.558123],[-75.715039,39.558124],[-75.715023,39.558125],[-75.715009,39.558125],[-75.714996,39.558125],[-75.714983,39.558125],[-75.71497,39.558124],[-75.714957,39.558123],[-75.714944,39.558121],[-75.714931,39.558118],[-75.714918,39.558114],[-75.714906,39.558111],[-75.714894,39.558109],[-75.714882,39.558107],[-75.714871,39.558105],[-75.714859,39.558103],[-75.714846,39.5581],[-75.714832,39.558097],[-75.714818,39.558094],[-75.714804,39.55809],[-75.71479,39.558086],[-75.714778,39.558082],[-75.714766,39.558078],[-75.714753,39.558075],[-75.71474,39.558072],[-75.714725,39.558069],[-75.71471,39.558065],[-75.714695,39.558062],[-75.71468,39.558058],[-75.714665,39.558054],[-75.71465,39.55805],[-75.714635,39.558046],[-75.714621,39.558043],[-75.714608,39.55804],[-75.714595,39.558037],[-75.714581,39.558034],[-75.714567,39.558031],[-75.714554,39.558027],[-75.71454,39.558024],[-75.714527,39.558021],[-75.714514,39.558018],[-75.714501,39.558016],[-75.714487,39.558013],[-75.714473,39.558009],[-75.714458,39.558006],[-75.714444,39.558002],[-75.714429,39.558],[-75.714414,39.557998],[-75.714399,39.557997],[-75.714384,39.557997],[-75.714369,39.557996],[-75.714353,39.557996],[-75.714339,39.557996],[-75.714324,39.557999],[-75.714309,39.558003],[-75.714293,39.558006],[-75.714279,39.558006],[-75.714265,39.558005],[-75.71425,39.558005],[-75.714235,39.558005],[-75.71422,39.558004],[-75.714205,39.558004],[-75.714191,39.558005],[-75.714177,39.558006],[-75.714163,39.558007],[-75.714149,39.55801],[-75.714135,39.558012],[-75.714121,39.558015],[-75.714106,39.558019],[-75.714093,39.558023],[-75.71408,39.558027],[-75.714067,39.558029],[-75.714053,39.558032],[-75.71404,39.558035],[-75.714027,39.558039],[-75.714013,39.558043],[-75.714,39.558048],[-75.713987,39.558054],[-75.713975,39.558061],[-75.713963,39.558068],[-75.713951,39.558077],[-75.713939,39.558086],[-75.713927,39.558094],[-75.713915,39.558101],[-75.713902,39.558108],[-75.71389,39.558116],[-75.713877,39.558123],[-75.713865,39.558131],[-75.713853,39.558138],[-75.713842,39.558146],[-75.713831,39.558155],[-75.71382,39.558163],[-75.713809,39.558172],[-75.713798,39.55818],[-75.713786,39.558188],[-75.713774,39.558196],[-75.713763,39.558203],[-75.713753,39.558211],[-75.713742,39.55822],[-75.713732,39.558228],[-75.713724,39.558235],[-75.713718,39.558242],[-75.713711,39.558247],[-75.713703,39.558252],[-75.713694,39.558258],[-75.713683,39.558263],[-75.713673,39.558267],[-75.713664,39.55827],[-75.713655,39.558275],[-75.713648,39.558282],[-75.713641,39.55829],[-75.713636,39.558297],[-75.713628,39.558304],[-75.713612,39.558311],[-75.713595,39.558317],[-75.713577,39.558323],[-75.713561,39.558329],[-75.713545,39.558335],[-75.71353,39.558341],[-75.713514,39.558346],[-75.713498,39.558351],[-75.713482,39.558354],[-75.713466,39.558358],[-75.71345,39.558362],[-75.713434,39.558366],[-75.713418,39.55837],[-75.713402,39.558375],[-75.713387,39.558379],[-75.713372,39.558382],[-75.713358,39.558385],[-75.713344,39.558387],[-75.713328,39.55839],[-75.713313,39.558393],[-75.713299,39.558398],[-75.713285,39.558402],[-75.71327,39.558407],[-75.713257,39.558412],[-75.713243,39.558416],[-75.713229,39.558419],[-75.713215,39.558423],[-75.713202,39.558428],[-75.713189,39.558433],[-75.713178,39.558439],[-75.713167,39.558446],[-75.713155,39.558453],[-75.713144,39.558461],[-75.713133,39.558468],[-75.713121,39.558475],[-75.71311,39.558482],[-75.713099,39.558489],[-75.713088,39.558497],[-75.713078,39.558506],[-75.713068,39.558515],[-75.713058,39.558524],[-75.713048,39.558532],[-75.713038,39.558541],[-75.713028,39.55855],[-75.713019,39.558558],[-75.713011,39.558568],[-75.713004,39.558578],[-75.712998,39.558589],[-75.712994,39.558601],[-75.71299,39.558613],[-75.712983,39.558625],[-75.712976,39.558636],[-75.712969,39.558647],[-75.712963,39.558657],[-75.712958,39.558666],[-75.712954,39.558676],[-75.71295,39.558686],[-75.712946,39.558696],[-75.712942,39.558706],[-75.712938,39.558717],[-75.712935,39.558727],[-75.712931,39.558739],[-75.712928,39.558751],[-75.712925,39.558763],[-75.712921,39.558775],[-75.712917,39.558787],[-75.712913,39.558798],[-75.712905,39.558809],[-75.712895,39.558819],[-75.712885,39.558829],[-75.712876,39.558839999999996],[-75.712868,39.558851],[-75.712863,39.558862],[-75.712857,39.558872],[-75.71285,39.558883],[-75.712843,39.558893],[-75.712836,39.558903],[-75.712831,39.558914],[-75.712824,39.558926],[-75.712816,39.558937],[-75.712808,39.558948],[-75.712801,39.558958],[-75.712794,39.558968],[-75.712787,39.558979],[-75.71278,39.55899],[-75.712774,39.559001],[-75.712769,39.559011],[-75.712765,39.559021],[-75.712759,39.559031],[-75.712753,39.559041],[-75.712747,39.559052],[-75.712742,39.559062],[-75.712736,39.559073],[-75.712731,39.559084],[-75.712726,39.559095],[-75.712722,39.559106],[-75.712717,39.559119],[-75.712712,39.55913],[-75.712706,39.55914],[-75.7127,39.55915],[-75.712695,39.55916],[-75.712691,39.559171],[-75.712687,39.559183],[-75.712683,39.559194],[-75.712678,39.559205],[-75.712672,39.559216],[-75.712668,39.559226],[-75.712664,39.559236],[-75.712659,39.559247],[-75.712654,39.559258],[-75.712649,39.559268],[-75.712642,39.559278],[-75.712635,39.559287],[-75.712627,39.559296],[-75.712621,39.559305],[-75.712615,39.559314],[-75.712609,39.559323],[-75.712601,39.559332],[-75.712594,39.559342],[-75.712587,39.559352],[-75.712581,39.559362],[-75.712579,39.559371],[-75.712577,39.559381],[-75.712574,39.559393],[-75.712569,39.559405],[-75.712562,39.559417],[-75.712555,39.559428],[-75.712549,39.559437],[-75.712545,39.559447],[-75.712544,39.559458],[-75.712545,39.559469],[-75.712545,39.559481],[-75.712546,39.559492],[-75.712546,39.559504],[-75.712546,39.559514],[-75.712546,39.559524],[-75.712547,39.559534],[-75.712549,39.559544],[-75.712551,39.559556],[-75.712554,39.559567],[-75.712558,39.559578],[-75.712565,39.559589],[-75.712573,39.559601],[-75.712582,39.559611],[-75.712591,39.559622],[-75.712599,39.559632],[-75.712606,39.559642],[-75.712613,39.559652],[-75.71262,39.559662],[-75.712628,39.559671],[-75.712637,39.55968],[-75.712647,39.55969],[-75.712657,39.5597],[-75.712667,39.559709],[-75.712678,39.559719],[-75.712687,39.559729],[-75.712695,39.559738],[-75.712703,39.559747],[-75.71271,39.559757],[-75.712717,39.559767],[-75.712725,39.559777],[-75.712732,39.559788],[-75.71274,39.559799],[-75.712748,39.55981],[-75.712757,39.559822],[-75.712768,39.559834],[-75.712779,39.559845],[-75.712789,39.559855],[-75.712799,39.559864],[-75.71281,39.55987],[-75.712823,39.559876],[-75.712837,39.559881],[-75.71285,39.559885],[-75.712862,39.55989],[-75.712876,39.559898],[-75.712889,39.559908],[-75.7129,39.559919],[-75.712907,39.559929],[-75.712913,39.559937],[-75.712921,39.559945],[-75.712931,39.559954],[-75.712942,39.559963],[-75.712955,39.559972],[-75.712968,39.55998],[-75.712982,39.559988],[-75.712995,39.559997],[-75.713006,39.560006],[-75.713015,39.560016],[-75.713022,39.560026],[-75.713029,39.560037],[-75.713036,39.560048],[-75.713042,39.56006],[-75.713044,39.560071],[-75.713041,39.560077],[-75.713034,39.560081],[-75.71303,39.560092],[-75.713033,39.560106],[-75.71304,39.56012],[-75.713045,39.560133],[-75.713049,39.560145],[-75.713053,39.560158],[-75.713058,39.560171],[-75.713063,39.560184],[-75.713068,39.560196],[-75.713074,39.560208],[-75.713081,39.560219],[-75.71309,39.560231],[-75.713098,39.560243],[-75.713104,39.560256],[-75.713107,39.560268],[-75.713111,39.560281],[-75.713114,39.560292],[-75.713118,39.560303],[-75.713123,39.560315],[-75.713129,39.560327],[-75.713138,39.560339],[-75.713148,39.56035],[-75.713161,39.560359],[-75.713174,39.560367],[-75.713186,39.560374],[-75.713196,39.560383],[-75.713204,39.560392],[-75.713213,39.560402],[-75.713222,39.560412],[-75.713231,39.560424],[-75.71324,39.560435],[-75.713248,39.560447],[-75.713255,39.560457],[-75.713261,39.560468],[-75.713267,39.560478],[-75.713273,39.560488],[-75.713279,39.560499],[-75.713284,39.560511],[-75.713286,39.560523],[-75.713286,39.560536],[-75.713283,39.560549],[-75.713279,39.560562],[-75.713274,39.560575],[-75.713268,39.560587],[-75.713261,39.560599],[-75.713253,39.560611],[-75.713244,39.560625],[-75.713235,39.560639],[-75.713226,39.560655],[-75.713216,39.560671],[-75.713208,39.560686],[-75.7132,39.560702],[-75.713192,39.560719],[-75.713184,39.560735],[-75.713176,39.560748],[-75.713166,39.56076],[-75.713154,39.560771],[-75.713141,39.560782],[-75.713128,39.560792],[-75.713116,39.560801],[-75.713103,39.56081],[-75.713091,39.560819],[-75.713079,39.560829],[-75.713069,39.560837],[-75.713058,39.560843],[-75.713047,39.560849],[-75.713035,39.560854],[-75.713023,39.560859],[-75.713009,39.560864],[-75.712996,39.560869],[-75.712982,39.560874],[-75.712967,39.560879],[-75.71295,39.560884],[-75.712932,39.56089],[-75.712913,39.560895],[-75.712893,39.5609],[-75.712873,39.560905],[-75.712853,39.56091],[-75.712834,39.560915],[-75.712815,39.560919],[-75.712797,39.560924],[-75.712777,39.560929],[-75.712759,39.560932],[-75.712742,39.560935],[-75.712726,39.560937],[-75.712711,39.56094],[-75.712698,39.560944],[-75.712685,39.56095],[-75.712673,39.560957],[-75.712662,39.560966],[-75.712651,39.560975],[-75.71264,39.560984],[-75.712629,39.560992],[-75.71262,39.560999],[-75.71261,39.561006],[-75.712601,39.561012],[-75.71259,39.561019],[-75.712578,39.561027],[-75.712563,39.561034],[-75.712547,39.561039],[-75.712532,39.561043],[-75.712515,39.561047],[-75.712496,39.56105],[-75.712475,39.561053],[-75.712454,39.561057],[-75.712434,39.56106],[-75.712413,39.561061],[-75.712393,39.561062],[-75.712374,39.561064],[-75.712353,39.561066],[-75.71233,39.561067],[-75.712307,39.561069],[-75.712283,39.56107],[-75.71226,39.56107],[-75.712241,39.561067],[-75.712224,39.561063],[-75.712211,39.561059],[-75.7122,39.561054],[-75.712188,39.561048],[-75.712176,39.561042],[-75.712161,39.561036],[-75.712145,39.561031],[-75.712127,39.561026],[-75.712107,39.561021],[-75.712088,39.561015],[-75.712071,39.561011],[-75.712054,39.561006],[-75.712037,39.561002],[-75.712021,39.560997],[-75.712005,39.560994],[-75.711986,39.560991],[-75.711966,39.560988],[-75.711947,39.560987],[-75.711931,39.560986],[-75.711917,39.560985],[-75.711905,39.560986],[-75.711892,39.560988],[-75.711879,39.56099],[-75.711864,39.560993],[-75.711849,39.560998],[-75.711832,39.561003],[-75.711815,39.561009],[-75.711799,39.561015],[-75.711786,39.56102],[-75.711777,39.561025],[-75.711769,39.561029],[-75.711759,39.561034],[-75.711749,39.561039],[-75.711738,39.561043],[-75.711728,39.561049],[-75.711716,39.561055],[-75.711705,39.561062],[-75.711693,39.56107],[-75.711681,39.561077],[-75.711669,39.561086],[-75.711658,39.561094],[-75.711647,39.561103],[-75.711636,39.56111],[-75.711625,39.561117],[-75.711614,39.561123],[-75.711603,39.561129],[-75.711592,39.561135],[-75.711581,39.561142],[-75.711572,39.56115],[-75.711564,39.561158],[-75.711557,39.561166],[-75.711548,39.561175],[-75.711539,39.561186],[-75.711529,39.561197],[-75.711519,39.561207],[-75.711513,39.561214],[-75.711509,39.561218],[-75.711506,39.561219],[-75.711504,39.561219],[-75.711503,39.561219],[-75.711501,39.561218],[-75.7115,39.561217],[-75.711498,39.561217],[-75.711497,39.561215],[-75.711495,39.561213],[-75.711493,39.561211],[-75.711491,39.561209],[-75.711489,39.561207],[-75.711485,39.561206],[-75.71148,39.561206],[-75.711473,39.561208],[-75.711463,39.561211],[-75.711451,39.561214],[-75.711437,39.561217],[-75.71142,39.56122],[-75.711402,39.561223],[-75.711382,39.561225],[-75.711363,39.561226],[-75.711345,39.561226],[-75.711327,39.561225],[-75.711309,39.561224],[-75.71129,39.561223],[-75.711273,39.561225],[-75.711258,39.561227],[-75.711242,39.561229],[-75.711225,39.561231],[-75.711208,39.561232],[-75.711189,39.561234],[-75.711169,39.561235],[-75.71115,39.561237],[-75.711131,39.561238],[-75.711114,39.56124],[-75.711101,39.561244],[-75.711089,39.56125],[-75.711078,39.561257],[-75.711066,39.561264],[-75.711052,39.561272],[-75.711039,39.561279999999996],[-75.711027,39.561287],[-75.711015,39.561293],[-75.711002,39.561299],[-75.71099,39.561307],[-75.710978,39.561314],[-75.710965,39.561322],[-75.710951,39.561333],[-75.710938,39.561344],[-75.710926,39.561356],[-75.710917,39.561368],[-75.710909,39.561379],[-75.710902,39.561388],[-75.710895,39.561397],[-75.710889,39.561406],[-75.710882,39.561415],[-75.710874,39.561423],[-75.710863,39.561431],[-75.71085,39.561439],[-75.710837,39.561446],[-75.710829,39.561452],[-75.710824,39.561457],[-75.710821,39.561463],[-75.710819,39.561469],[-75.710817,39.561476],[-75.710812,39.561484],[-75.710805,39.561493],[-75.710797,39.561501],[-75.710788,39.561508],[-75.710779,39.561515],[-75.710771,39.56152],[-75.710763,39.561526],[-75.710755,39.561532],[-75.710746,39.561539],[-75.710737,39.561547],[-75.710728,39.561556],[-75.71072,39.561566],[-75.710714,39.561576],[-75.710709,39.561586],[-75.710704,39.561595],[-75.710697,39.561605],[-75.710687,39.561616],[-75.710676,39.561626],[-75.710665,39.561636],[-75.710656,39.561646],[-75.710649,39.561657],[-75.710643,39.561669],[-75.710637,39.561681],[-75.710632,39.561694],[-75.710629,39.561706],[-75.710625,39.561718],[-75.71062,39.561729],[-75.710615,39.561741],[-75.710609,39.561754],[-75.7106,39.561768],[-75.71059,39.561781],[-75.710579,39.561794],[-75.710566,39.561805],[-75.710554,39.561816],[-75.710541,39.561828],[-75.710527,39.561839],[-75.71051,39.56185],[-75.710495,39.561859],[-75.710483,39.561867],[-75.710471,39.561872],[-75.710457,39.561875],[-75.71044,39.561877],[-75.710423,39.561879],[-75.710409,39.561881],[-75.710395,39.561885],[-75.710384,39.56189],[-75.710374,39.561895],[-75.710364,39.561902],[-75.710356,39.561909],[-75.71035,39.561916],[-75.710345,39.561924],[-75.71034,39.561932],[-75.710335,39.56194],[-75.710332,39.56195],[-75.71033,39.561961],[-75.710328,39.561973],[-75.710326,39.561985],[-75.710325,39.561999],[-75.710325,39.562011],[-75.710327,39.562022],[-75.710329,39.562032],[-75.710332,39.562042],[-75.710336,39.562053],[-75.71034,39.562064],[-75.710344,39.562077],[-75.710346,39.562089],[-75.710345,39.562101],[-75.710343,39.562112],[-75.71034,39.562122],[-75.710337,39.562134],[-75.710331,39.562147],[-75.710322,39.562161],[-75.710313,39.562175],[-75.710302,39.562191],[-75.710289,39.562206],[-75.710275,39.562218],[-75.71026,39.562229],[-75.710243,39.56224],[-75.710226,39.56225],[-75.710209,39.562259],[-75.710192,39.562267],[-75.710175,39.562274],[-75.710159,39.562281],[-75.710145,39.562288],[-75.710132,39.562293],[-75.71012,39.562298],[-75.710106,39.562303],[-75.710091,39.562309],[-75.710075,39.562316],[-75.71006,39.562325],[-75.710046,39.562334],[-75.710034,39.562343],[-75.710025,39.562351],[-75.710018,39.562358],[-75.710009,39.562365],[-75.709999,39.562371],[-75.709987,39.562377],[-75.709976,39.562384],[-75.709965,39.562389],[-75.709956,39.562395],[-75.709945,39.562401],[-75.709935,39.562407],[-75.709926,39.562412],[-75.709918,39.562416],[-75.709908,39.56242],[-75.709895,39.562424],[-75.70988,39.562429],[-75.709864,39.562434],[-75.709847,39.562439],[-75.70983,39.562445],[-75.709814,39.562452],[-75.709799,39.56246],[-75.709785,39.562469],[-75.709771,39.562479],[-75.709758,39.562491],[-75.709747,39.562504],[-75.709737,39.562516],[-75.709729,39.562528],[-75.70972,39.56254],[-75.70971,39.56255],[-75.709699,39.562559],[-75.709689,39.562566],[-75.709678,39.562573],[-75.709666,39.562578],[-75.709653,39.562584],[-75.709639,39.56259],[-75.709625,39.562597],[-75.70961,39.562605],[-75.709597,39.562613],[-75.709585,39.56262],[-75.709574,39.562626],[-75.709562,39.562632],[-75.709551,39.562639],[-75.709539,39.562645],[-75.709528,39.562651],[-75.709517,39.562658],[-75.709505,39.562663],[-75.709493,39.562666],[-75.70948,39.562669],[-75.709467,39.562673],[-75.709454,39.562677],[-75.709442,39.562682],[-75.70943,39.562688],[-75.70942,39.562694],[-75.709411,39.5627],[-75.709402,39.562706],[-75.709394,39.562712],[-75.709386,39.562717],[-75.709379,39.562723],[-75.709375,39.56273],[-75.709373,39.562737],[-75.709375,39.562744],[-75.709378,39.562751],[-75.709384,39.562757],[-75.709392,39.562761],[-75.709402,39.562763],[-75.709414,39.562764],[-75.709428,39.562763],[-75.709442,39.562761],[-75.709456,39.562758],[-75.709471,39.562756],[-75.709485,39.562753],[-75.709498,39.562752],[-75.709511,39.562752],[-75.709524,39.562755],[-75.709537,39.562757],[-75.709551,39.56276],[-75.709565,39.562763],[-75.709579,39.562766],[-75.709593,39.562769],[-75.709608,39.562771],[-75.709622,39.562773],[-75.709637,39.562774],[-75.709652,39.562774],[-75.709667,39.562773],[-75.709681,39.562772],[-75.709694,39.562771],[-75.709707,39.56277],[-75.709721,39.562768],[-75.709736,39.562768],[-75.70975,39.562768],[-75.709762,39.562768],[-75.709775,39.562768],[-75.709792,39.562768],[-75.709809,39.562768],[-75.709826,39.562769],[-75.709844,39.56277],[-75.709861,39.56277],[-75.709879,39.56277],[-75.709895,39.562768],[-75.709911,39.562764],[-75.709926,39.562759],[-75.709941,39.562754],[-75.709957,39.562748],[-75.709973,39.562742],[-75.709989,39.562736],[-75.710004,39.562731],[-75.710017,39.56273],[-75.710028,39.56273],[-75.710041,39.562732],[-75.710055,39.562734],[-75.710071,39.562737],[-75.710088,39.562741],[-75.710106,39.562746],[-75.710124,39.562749],[-75.710142,39.562751],[-75.710158,39.562753],[-75.710172,39.562756],[-75.710186,39.562758],[-75.710199,39.56276],[-75.710213,39.56276],[-75.710226,39.56276],[-75.710239,39.562761],[-75.710254,39.562764],[-75.710269,39.562767],[-75.710281,39.56277],[-75.710292,39.562773],[-75.710303,39.562776],[-75.710316,39.562778],[-75.710332,39.562781],[-75.710349,39.562783],[-75.710367,39.562785],[-75.710385,39.562787],[-75.710404,39.562789],[-75.710423,39.562791],[-75.71044,39.562794],[-75.710455,39.562798],[-75.710468,39.562801],[-75.710484,39.562805],[-75.710502,39.562809],[-75.710519,39.562811],[-75.710534,39.562815],[-75.710547,39.562819],[-75.710562,39.562825],[-75.710576,39.562832],[-75.710589,39.562839],[-75.710598,39.562846],[-75.710603,39.562854],[-75.710609,39.562863],[-75.710615,39.562872],[-75.71062,39.56288],[-75.710626,39.562888],[-75.710631,39.562896],[-75.710635,39.562905],[-75.71064,39.562914],[-75.710644,39.562924],[-75.710648,39.562934],[-75.710652,39.562945],[-75.710654,39.562958],[-75.710655,39.562971],[-75.710654,39.562982],[-75.710652,39.562993],[-75.710647,39.563005],[-75.710641,39.563019],[-75.710635,39.563032],[-75.710631,39.563044],[-75.710629,39.563053],[-75.710625,39.563063],[-75.710617,39.563074],[-75.710607,39.563086],[-75.710595,39.563097],[-75.710583,39.563107],[-75.710569,39.563118],[-75.710553,39.563129],[-75.710537,39.563139],[-75.710523,39.563147],[-75.710507,39.563154],[-75.710492,39.563159],[-75.710476,39.563164],[-75.71046,39.563168],[-75.710443,39.563172],[-75.710427,39.563177],[-75.71041,39.563182],[-75.710396,39.563188],[-75.710383,39.563193],[-75.710368,39.563198],[-75.710352,39.563204],[-75.710336,39.563211],[-75.71032,39.563216],[-75.710304,39.563222],[-75.710289,39.563226],[-75.710274,39.56323],[-75.710259,39.563234],[-75.710245,39.563237],[-75.71023,39.56324],[-75.710216,39.563243],[-75.710202,39.563246],[-75.710188,39.563251],[-75.710174,39.563256],[-75.71016,39.563262],[-75.710146,39.563267],[-75.710133,39.563272],[-75.71012,39.563278],[-75.710109,39.563285],[-75.7101,39.563292],[-75.710092,39.563299],[-75.710085,39.563305],[-75.710082,39.56331],[-75.71008,39.563313],[-75.710081,39.563317],[-75.710084,39.563322],[-75.710088,39.563328],[-75.710095,39.563335],[-75.710104,39.563342],[-75.710115,39.563348],[-75.710127,39.563353],[-75.710141,39.563357],[-75.710158,39.563362],[-75.710175,39.563368],[-75.710188,39.563375],[-75.710199,39.563381],[-75.710209,39.563386],[-75.710218,39.563391],[-75.710225,39.563396],[-75.710232,39.563403],[-75.710239,39.563412],[-75.710246,39.563422],[-75.710252,39.563434],[-75.71026,39.563446],[-75.710269,39.563458],[-75.710277,39.563469],[-75.710286,39.563481],[-75.710291,39.563492],[-75.710291,39.563503],[-75.710287,39.563513],[-75.710284,39.563525],[-75.710281,39.563537],[-75.710279,39.56355],[-75.710275,39.563562],[-75.710271,39.563575],[-75.710266,39.563587],[-75.710259,39.563598],[-75.710251,39.56361],[-75.710243,39.563622],[-75.710234,39.563634],[-75.710225,39.563648],[-75.710218,39.563663],[-75.71021,39.563678],[-75.710201,39.563694],[-75.710192,39.563708],[-75.710182,39.563721],[-75.710173,39.563731],[-75.710165,39.56374],[-75.710158,39.563749],[-75.710151,39.563759],[-75.710144,39.56377],[-75.710139,39.563782],[-75.710133,39.563795],[-75.71013,39.563807],[-75.710127,39.563818],[-75.710124,39.563829],[-75.71012,39.563839],[-75.710116,39.563851],[-75.710113,39.563862],[-75.710112,39.563873],[-75.710112,39.563883],[-75.710114,39.563893],[-75.710118,39.563901],[-75.710122,39.563908],[-75.710129,39.563916999999996],[-75.710138,39.563926],[-75.710149,39.563936],[-75.71016,39.563945],[-75.710173,39.563955],[-75.710185,39.563965],[-75.710196,39.563975],[-75.710205,39.563985],[-75.710213,39.563994],[-75.710218,39.564002],[-75.710219,39.56401],[-75.710217,39.56402],[-75.710215,39.564031],[-75.710212,39.564044],[-75.71021,39.564056],[-75.710206,39.564068],[-75.710202,39.56408],[-75.710196,39.564091],[-75.71019,39.564103],[-75.710184,39.564113999999996],[-75.710178,39.564126],[-75.710172,39.564138],[-75.710167,39.56415],[-75.710163,39.564162],[-75.71016,39.564173],[-75.710159,39.564185],[-75.710157,39.564199],[-75.710154,39.564212],[-75.710153,39.564225],[-75.710155,39.564237],[-75.71016,39.56425],[-75.710166,39.56426],[-75.710172,39.564268],[-75.710178,39.564276],[-75.710184,39.564285],[-75.710189,39.564294],[-75.710196,39.564303],[-75.710205,39.56431],[-75.710217,39.564316],[-75.71023,39.564322],[-75.710244,39.564327],[-75.710256,39.56433],[-75.710265,39.564332],[-75.710272,39.564334],[-75.71028,39.564336],[-75.71029,39.564339],[-75.710303,39.564343],[-75.710318,39.564348],[-75.710333,39.564354],[-75.710347,39.564363],[-75.71036,39.564375],[-75.710372,39.564387],[-75.710381,39.5644],[-75.710388,39.564414],[-75.710393,39.564428],[-75.7104,39.564439],[-75.710408,39.564449],[-75.710415,39.564458],[-75.710421,39.564466],[-75.710428,39.564475],[-75.710434,39.564482],[-75.710442,39.56449],[-75.710453,39.564497],[-75.710466,39.564505],[-75.710479,39.564514],[-75.710493,39.564524],[-75.710506,39.564535],[-75.710519,39.564547],[-75.710531,39.564558],[-75.71054,39.564568],[-75.710547,39.564577],[-75.710554,39.564584],[-75.710563,39.56459],[-75.710572,39.564595],[-75.710583,39.5646],[-75.710592,39.564606],[-75.710602,39.564612],[-75.710614,39.564621],[-75.710625,39.564631],[-75.710635,39.564643],[-75.710646,39.564654],[-75.710657,39.564664],[-75.710668,39.564674],[-75.710677,39.564683],[-75.710687,39.564694],[-75.710697,39.564704],[-75.710707,39.564713],[-75.710715,39.564723],[-75.710721,39.564732],[-75.710726,39.564742],[-75.71073,39.564751],[-75.710734,39.564761],[-75.710739,39.564772],[-75.710744,39.564785],[-75.710749,39.564799],[-75.710753,39.564815],[-75.710756,39.56483],[-75.710757,39.564844],[-75.710757,39.564856],[-75.710754,39.564866],[-75.71075,39.564878],[-75.710743,39.564891],[-75.710737,39.564905],[-75.71073,39.564917],[-75.710723,39.564929],[-75.710714,39.56494],[-75.710703,39.56495],[-75.710693,39.56496],[-75.710684,39.564969],[-75.710674,39.564976],[-75.710667,39.564983],[-75.71066,39.564988],[-75.710654,39.564995],[-75.710648,39.565004],[-75.710641,39.565015],[-75.710633,39.565028],[-75.710626,39.56504],[-75.710621,39.565049],[-75.710619,39.565056],[-75.710618,39.565064],[-75.710619,39.565072],[-75.710621,39.56508],[-75.710626,39.565089],[-75.710634,39.565098],[-75.710644,39.565108],[-75.710654,39.565117],[-75.710661,39.565125],[-75.710664,39.565132],[-75.710665,39.565138],[-75.710666,39.565145],[-75.710667,39.565151],[-75.710668,39.565158],[-75.71067,39.565165],[-75.710673,39.565173],[-75.710677,39.565183],[-75.710681,39.565194],[-75.710682,39.565206],[-75.710681,39.56522],[-75.710678,39.565234],[-75.710675,39.565249],[-75.710674,39.565262],[-75.710674,39.565275],[-75.710677,39.565286],[-75.710679,39.565297],[-75.71068,39.565308],[-75.71068,39.56532],[-75.710679,39.565332],[-75.710676,39.565345],[-75.710673,39.565358],[-75.71067,39.565371],[-75.710668,39.565383],[-75.710664,39.565396],[-75.710659,39.565408],[-75.710653,39.565421],[-75.710646,39.565433],[-75.710639,39.565446],[-75.710632,39.565459],[-75.710627,39.565471],[-75.710622,39.565484],[-75.710617,39.565497],[-75.710611,39.565512],[-75.710604,39.565526],[-75.710595,39.56554],[-75.710584,39.565552],[-75.710572,39.565562],[-75.710558,39.565571],[-75.710544,39.565578],[-75.710528,39.565584],[-75.710512,39.56559],[-75.710494,39.565594],[-75.710477,39.565598],[-75.710462,39.565602],[-75.71045,39.565604],[-75.71044,39.565607],[-75.710429,39.565612],[-75.710417,39.56562],[-75.710405,39.56563],[-75.710396,39.565641],[-75.710389,39.565652],[-75.710384,39.565662],[-75.71038,39.565672],[-75.710379,39.565682],[-75.710378,39.565692],[-75.710378,39.5657],[-75.710377,39.565708],[-75.710376,39.565717],[-75.710377,39.565727],[-75.710378,39.565737],[-75.710382,39.565747],[-75.710387,39.565756],[-75.710394,39.565763],[-75.710403,39.56577],[-75.710411,39.565776],[-75.710421,39.565783],[-75.71043,39.56579],[-75.71044,39.565797],[-75.710449,39.565801],[-75.71046,39.565804],[-75.710474,39.565808],[-75.71049,39.565813],[-75.710507,39.565817],[-75.710524,39.565822],[-75.710541,39.565827],[-75.710556,39.565833],[-75.710569,39.56584],[-75.710581,39.565847],[-75.710591,39.565854],[-75.710601,39.565862],[-75.710612,39.56587],[-75.710625,39.56588],[-75.710637,39.56589],[-75.71065,39.565899],[-75.71066,39.565907],[-75.710668,39.565913],[-75.710676,39.56592],[-75.710683,39.565927],[-75.710691,39.565935],[-75.7107,39.565944],[-75.710709,39.565954],[-75.71072,39.565963],[-75.71073,39.56597],[-75.710738,39.565975],[-75.710744,39.565979],[-75.710752,39.565982],[-75.710761,39.565987],[-75.710772,39.565993],[-75.710782,39.566001],[-75.710793,39.56601],[-75.710801,39.56602],[-75.71081,39.566031],[-75.710819,39.566042],[-75.710829,39.566052],[-75.710839,39.566062],[-75.710849,39.56607],[-75.710858,39.566079],[-75.710867,39.566088],[-75.710877,39.566097],[-75.710885,39.566109],[-75.71089,39.566121],[-75.710891,39.566134],[-75.710889,39.566148],[-75.710886,39.566162],[-75.710881,39.566177],[-75.710875,39.566192],[-75.710868,39.566208],[-75.71086,39.566222],[-75.710853,39.566235],[-75.710843,39.566246],[-75.710831,39.566258],[-75.710816,39.56627],[-75.710803,39.566282],[-75.710793,39.566293],[-75.710785,39.566304],[-75.710776,39.566314],[-75.710766,39.566324],[-75.710756,39.566334],[-75.710747,39.566345],[-75.710737,39.566355],[-75.710726,39.566367],[-75.710715,39.566379],[-75.710704,39.566389],[-75.710697,39.566398],[-75.710692,39.566406],[-75.71069,39.566416],[-75.71069,39.566426],[-75.710691,39.566436],[-75.710693,39.566446],[-75.710695,39.566455],[-75.710697,39.566464],[-75.710698,39.566474],[-75.710699,39.566484],[-75.710699,39.566495],[-75.710699,39.566507],[-75.7107,39.566519],[-75.7107,39.566532],[-75.710701,39.566545],[-75.710702,39.566559],[-75.710702,39.566573],[-75.710701,39.566586],[-75.710698,39.566597],[-75.710695,39.566606],[-75.710691,39.566615],[-75.710688,39.566624],[-75.710686,39.566632],[-75.710683,39.566642],[-75.71068,39.566653],[-75.710677,39.566665],[-75.710674,39.566677],[-75.710673,39.56669],[-75.710674,39.566702],[-75.710677,39.566712],[-75.710681,39.56672],[-75.710686,39.566727],[-75.710692,39.566735],[-75.710698,39.566741],[-75.710706,39.566748],[-75.710714,39.566756],[-75.710724,39.566765],[-75.710735,39.566774],[-75.710746,39.566781],[-75.710756,39.566787],[-75.710763,39.566793],[-75.71077,39.566799],[-75.710777,39.566807],[-75.710783,39.566815],[-75.710788,39.566823],[-75.710791,39.566833],[-75.710795,39.566844],[-75.710798,39.566855],[-75.7108,39.566865],[-75.710802,39.566876],[-75.710803,39.566888],[-75.710805,39.566901],[-75.710809,39.566914],[-75.710814,39.566927],[-75.710819,39.566939],[-75.710823,39.566951],[-75.710828,39.566963],[-75.710833,39.566975],[-75.710839,39.566987],[-75.710845,39.566998],[-75.710849,39.567007],[-75.710851,39.567016],[-75.710853,39.567025],[-75.710853,39.567034],[-75.710853,39.567043],[-75.710853,39.567054],[-75.710853,39.567064],[-75.710853,39.567076],[-75.710854,39.567086],[-75.710854,39.567096],[-75.710855,39.567104],[-75.710855,39.567112],[-75.710855,39.567121],[-75.710857,39.56713],[-75.710858,39.567139],[-75.710859,39.567148],[-75.71086,39.567158],[-75.710861,39.567168],[-75.710861,39.567179],[-75.710864,39.567191],[-75.710866,39.567202],[-75.71087,39.567213],[-75.710875,39.567224],[-75.710883,39.567237],[-75.710892,39.56725],[-75.710899,39.567261],[-75.710905,39.567272],[-75.710909,39.567282],[-75.710913,39.567292],[-75.710916,39.567302],[-75.710918,39.567312],[-75.710919,39.567322],[-75.710918,39.567331],[-75.710918,39.567341],[-75.710918,39.567352],[-75.710919,39.567364],[-75.710921,39.567378],[-75.710924,39.567391],[-75.710927,39.567405],[-75.710928,39.56742],[-75.710929,39.567433],[-75.710928,39.567444],[-75.710923,39.567455],[-75.710916,39.567469],[-75.710909,39.567484],[-75.710904,39.5675],[-75.7109,39.567514],[-75.710897,39.567526],[-75.710895,39.567536],[-75.710893,39.567544],[-75.710891,39.567552],[-75.71089,39.567559],[-75.710891,39.567566],[-75.710892,39.567574],[-75.710892,39.567585],[-75.710893,39.567596],[-75.710892,39.567609],[-75.710889,39.567622],[-75.710887,39.567635],[-75.710884,39.567647],[-75.710878,39.567659],[-75.710872,39.567671],[-75.710866,39.567683],[-75.710861,39.567692],[-75.710854,39.567701],[-75.710845,39.56771],[-75.710835,39.567719],[-75.710822,39.567729],[-75.710809,39.56774],[-75.710794,39.56775],[-75.710779,39.567761],[-75.710763,39.567771],[-75.71075,39.56778],[-75.710737,39.567787],[-75.710722,39.567793],[-75.710706,39.567799],[-75.71069,39.567806],[-75.710676,39.567812],[-75.710662,39.567819],[-75.710647,39.567826],[-75.710633,39.567833],[-75.710618,39.567841],[-75.710604,39.567847],[-75.710592,39.567855],[-75.710578,39.567863],[-75.710565,39.56787],[-75.710552,39.567876],[-75.710537,39.567879],[-75.710521,39.567881],[-75.710504,39.567882],[-75.710486,39.567881],[-75.710468,39.567879],[-75.710449,39.567876],[-75.710434,39.567873],[-75.710421,39.56787],[-75.71041,39.567867],[-75.710399,39.567863],[-75.71039,39.567858],[-75.71038,39.567852],[-75.710371,39.567847],[-75.71036,39.56784],[-75.710347,39.567834],[-75.710334,39.567827],[-75.71032,39.56782],[-75.710306,39.567815],[-75.710292,39.567811],[-75.710278,39.567808],[-75.710262,39.567805],[-75.710246,39.567803],[-75.71023,39.5678],[-75.710211,39.567797],[-75.710195,39.567794],[-75.710179,39.567791],[-75.710163,39.56779],[-75.710148,39.567789],[-75.710133,39.567789],[-75.71012,39.567788],[-75.710108,39.567789],[-75.710094,39.56779],[-75.71008,39.567791],[-75.710065,39.567793],[-75.710051,39.567795],[-75.710038,39.567797],[-75.710025,39.567799],[-75.710013,39.567801],[-75.710001,39.567805],[-75.709988,39.56781],[-75.709976,39.567817],[-75.709964,39.567825],[-75.709953,39.567833],[-75.709945,39.567843],[-75.709941,39.567853],[-75.709939,39.567862],[-75.709934,39.567869],[-75.709924,39.567875],[-75.70991,39.567882],[-75.709895,39.567891],[-75.70988,39.5679],[-75.709867,39.56791],[-75.709856,39.567922],[-75.709846,39.567933],[-75.709837,39.567945],[-75.709833,39.567957],[-75.709832,39.567969],[-75.709832,39.567981],[-75.709828,39.567992],[-75.709821,39.568],[-75.709813,39.568006],[-75.709803,39.568013],[-75.709793,39.568021],[-75.709782,39.568029],[-75.709773,39.568038],[-75.709766,39.568047],[-75.709759,39.568055],[-75.709753,39.568063],[-75.709746,39.56807],[-75.709737,39.568077],[-75.709726,39.568085],[-75.709716,39.568092],[-75.709706,39.568099],[-75.709696,39.568105],[-75.709685,39.568112],[-75.709674,39.568119],[-75.709662,39.568125],[-75.709651,39.568128],[-75.709638,39.568128],[-75.709622,39.568127],[-75.709603,39.568126],[-75.709585,39.568123],[-75.709569,39.568121],[-75.709554,39.56812],[-75.70954,39.568119],[-75.709524,39.568117],[-75.709506,39.568115],[-75.709488,39.568112],[-75.709471,39.56811],[-75.709456,39.568108],[-75.709441,39.568106],[-75.709427,39.568104],[-75.709413,39.568104],[-75.709398,39.568106],[-75.709383,39.568111],[-75.709368,39.568118],[-75.709353,39.568125],[-75.709339,39.568131],[-75.709326,39.568137],[-75.709313,39.568144],[-75.709302,39.56815],[-75.709292,39.568155],[-75.709284,39.568158],[-75.709274,39.56816],[-75.709261,39.568162],[-75.709246,39.568164],[-75.709231,39.568166],[-75.709216,39.568168],[-75.709202,39.568172],[-75.70919,39.568177],[-75.709179,39.568182],[-75.709169,39.568187],[-75.709159,39.568192],[-75.709149,39.568199],[-75.70914,39.568206],[-75.70913,39.568214],[-75.709118,39.568223],[-75.709106,39.568232],[-75.709095,39.568241],[-75.709086,39.568249],[-75.709077,39.568256],[-75.709067,39.568263],[-75.709057,39.568269],[-75.709046,39.568276],[-75.709034,39.568283],[-75.709024,39.56829],[-75.709013,39.568297],[-75.709003,39.568304],[-75.708993,39.56831],[-75.708982,39.568316],[-75.70897,39.568321],[-75.708958,39.568327],[-75.708946,39.568333],[-75.708933,39.568338],[-75.70892,39.568343],[-75.708908,39.568348],[-75.708894,39.568354],[-75.70888,39.568361],[-75.708865,39.56837],[-75.70885,39.568377],[-75.708836,39.568382],[-75.708821,39.568385],[-75.708804,39.568386],[-75.708785,39.568385],[-75.708767,39.568383],[-75.70875,39.568381],[-75.708732,39.568379],[-75.708716,39.56838],[-75.708702,39.568382],[-75.708688,39.568384],[-75.708675,39.568387],[-75.708663,39.56839],[-75.708649,39.568393],[-75.708635,39.568396],[-75.70862,39.568398],[-75.708604,39.568399],[-75.708589,39.568399],[-75.708576,39.5684],[-75.708563,39.568402],[-75.708553,39.568407],[-75.708542,39.568414],[-75.708532,39.568421],[-75.708521,39.568428],[-75.70851,39.568434],[-75.708498,39.568441],[-75.708486,39.568446],[-75.708473,39.568451],[-75.708461,39.568454],[-75.708448,39.568456],[-75.708434,39.568457],[-75.70842,39.568458],[-75.708408,39.568457],[-75.708395,39.568456],[-75.708382,39.568452],[-75.70837,39.568448],[-75.708357,39.568444],[-75.708344,39.568438],[-75.708332,39.568432],[-75.708321,39.568424],[-75.70831,39.568415],[-75.7083,39.568404],[-75.70829,39.568394],[-75.708279,39.568383],[-75.708267,39.568373],[-75.708254,39.568364],[-75.708241,39.568356],[-75.708227,39.56835],[-75.708213,39.568344],[-75.7082,39.568338],[-75.708187,39.568332],[-75.708174,39.568327],[-75.708161,39.56832],[-75.708148,39.568313],[-75.708135,39.568305],[-75.708124,39.568298],[-75.708113,39.568292],[-75.708104,39.568286],[-75.708094,39.56828],[-75.708085,39.568275],[-75.708076,39.568271],[-75.70807,39.568268],[-75.708066,39.568266],[-75.708063,39.568264],[-75.70806,39.568263],[-75.708059,39.568262],[-75.708057,39.56826],[-75.708055,39.568258],[-75.708053,39.568255],[-75.708051,39.568251],[-75.708048,39.568247],[-75.708046,39.568242],[-75.708044,39.568236],[-75.708041,39.568229],[-75.708037,39.56822],[-75.708033,39.56821],[-75.708028,39.568199],[-75.708023,39.568186],[-75.708017,39.568174],[-75.708012,39.568162],[-75.708008,39.568151],[-75.708003,39.568142],[-75.707998,39.568133],[-75.707992,39.568123],[-75.707988,39.568112],[-75.707985,39.568101],[-75.707983,39.568091],[-75.707981,39.568081],[-75.707979,39.568071],[-75.707976,39.568061],[-75.707972,39.568052],[-75.707967,39.568042],[-75.707963,39.568032],[-75.707957,39.568022],[-75.707951,39.568011],[-75.707946,39.568],[-75.707941,39.56799],[-75.707935,39.567982],[-75.707929,39.567974],[-75.707923,39.567967],[-75.707917,39.56796],[-75.707911,39.567952],[-75.707904,39.567943],[-75.707897,39.567933],[-75.70789,39.567923],[-75.707882,39.567913],[-75.707873,39.567902],[-75.707863,39.56789],[-75.707854,39.567879],[-75.707847,39.567867],[-75.707841,39.567856],[-75.707837,39.567845],[-75.707832,39.567835],[-75.707828,39.567826],[-75.707823,39.567815],[-75.707818,39.567801],[-75.707812,39.567787],[-75.707804,39.567772],[-75.707798,39.567756],[-75.707794,39.567743],[-75.707791,39.567731],[-75.707791,39.567719],[-75.707793,39.567706],[-75.707797,39.567693],[-75.707802,39.567679],[-75.707806,39.567664],[-75.707807,39.56765],[-75.707807,39.567635],[-75.707808,39.567622],[-75.707809,39.567611],[-75.70781,39.5676],[-75.70781,39.567589],[-75.70781,39.567576],[-75.70781,39.567563],[-75.70781,39.56755],[-75.70781,39.567537],[-75.707812,39.567524],[-75.707813,39.567512],[-75.707814,39.5675],[-75.707815,39.567487],[-75.707816,39.567474],[-75.707818,39.567461],[-75.70782,39.567449],[-75.707824,39.567438],[-75.707827,39.567427],[-75.707831,39.567416],[-75.707834,39.567406],[-75.707836,39.567396],[-75.707837,39.567386],[-75.707837,39.567375],[-75.707839,39.567364],[-75.707841,39.567353],[-75.707844,39.567341],[-75.707848,39.567329],[-75.707854,39.567317],[-75.70786,39.567307],[-75.707866,39.567297],[-75.707871,39.567287],[-75.707875,39.567277],[-75.707879,39.567267],[-75.707882,39.567257],[-75.707885,39.567247],[-75.707887,39.567237],[-75.707888,39.567228],[-75.707888,39.567218],[-75.70789,39.567208],[-75.707891,39.567198],[-75.707892,39.567189],[-75.707893,39.567179],[-75.707894,39.56717],[-75.707895,39.567161],[-75.707895,39.567152],[-75.707895,39.567143],[-75.707893,39.567135],[-75.707891,39.567126],[-75.707886,39.567116],[-75.70788,39.567107],[-75.707873,39.567097],[-75.707866,39.567087],[-75.707859,39.567074],[-75.707852,39.567062],[-75.707846,39.567052],[-75.707839,39.567045],[-75.707832,39.567038],[-75.707825,39.567031],[-75.707817,39.567024],[-75.707809,39.567016],[-75.7078,39.567007],[-75.707791,39.566998],[-75.707783,39.566989],[-75.707775,39.566981],[-75.707766,39.566975],[-75.707758,39.56697],[-75.70775,39.566964],[-75.707742,39.566958],[-75.707735,39.566952],[-75.707726,39.566945],[-75.707716,39.566937],[-75.707707,39.566929],[-75.707697,39.566923],[-75.707687,39.566916],[-75.707677,39.56691],[-75.707665,39.566903],[-75.707653,39.566897],[-75.70764,39.566891],[-75.707625,39.566885],[-75.707609,39.566881],[-75.707593,39.566877],[-75.707579,39.566874],[-75.707567,39.566871],[-75.707556,39.566867],[-75.707546,39.566862],[-75.707533,39.566856],[-75.707518,39.566852],[-75.707504,39.566848],[-75.70749,39.566843],[-75.707478,39.566837],[-75.707464,39.56683],[-75.70745,39.566823],[-75.707437,39.566815],[-75.707426,39.566808],[-75.707414,39.566801],[-75.7074,39.566796],[-75.707386,39.566792],[-75.707372,39.566788],[-75.707359,39.566785],[-75.707346,39.566782],[-75.707332,39.566779],[-75.707317,39.566775],[-75.707302,39.566771],[-75.707286,39.566767],[-75.707271,39.566762],[-75.707259,39.566757],[-75.707247,39.566752],[-75.707234,39.566746],[-75.70722,39.566739],[-75.707206,39.566732],[-75.707191,39.566725],[-75.707177,39.566718],[-75.707164,39.566712],[-75.70715,39.566705],[-75.707136,39.566697],[-75.707124,39.56669],[-75.707111,39.566681],[-75.707098,39.566672],[-75.707086,39.566664],[-75.707075,39.566658],[-75.707063,39.566651],[-75.707051,39.566644],[-75.707037,39.566636],[-75.707024,39.566628],[-75.707011,39.566619],[-75.706999,39.566609],[-75.706987,39.566599],[-75.706977,39.566588],[-75.706966,39.566577],[-75.706957,39.566566],[-75.706947,39.566555],[-75.706937,39.566544],[-75.706928,39.566532],[-75.70692,39.566521],[-75.706912,39.566509],[-75.706906,39.566496],[-75.7069,39.566482],[-75.706896,39.566466],[-75.706892,39.56645],[-75.706888,39.566433],[-75.706886,39.566417],[-75.706884,39.5664],[-75.706882,39.566385],[-75.706882,39.566371],[-75.706882,39.566357],[-75.706884,39.566344],[-75.706887,39.566331],[-75.70689,39.566317],[-75.706892,39.566304],[-75.706894,39.566291],[-75.706895,39.566279],[-75.706897,39.566268],[-75.706899,39.566256],[-75.706902,39.566245],[-75.706903,39.566237],[-75.706902,39.566229],[-75.706899,39.566221],[-75.706896,39.566213],[-75.706892,39.566206],[-75.706887,39.5662],[-75.706882,39.566195],[-75.706876,39.56619],[-75.706868,39.566184],[-75.70686,39.566178],[-75.706851,39.56617],[-75.70684,39.56616],[-75.70683,39.566151],[-75.70682,39.566143],[-75.70681,39.566137],[-75.706797,39.56613],[-75.706783,39.566124],[-75.706768,39.566118],[-75.706756,39.566113],[-75.706744,39.566108],[-75.706733,39.566102],[-75.706721,39.566095],[-75.706708,39.566088],[-75.706695,39.56608],[-75.706682,39.566072],[-75.70667,39.566063],[-75.706658,39.566053],[-75.706647,39.566042],[-75.706635,39.566032],[-75.706623,39.566022],[-75.706611,39.566011],[-75.706599,39.566001],[-75.706588,39.565991],[-75.706578,39.565982],[-75.706569,39.565973],[-75.70656,39.565965],[-75.706551,39.565956],[-75.706541,39.565948],[-75.70653,39.56594],[-75.706517,39.565933],[-75.706505,39.565926],[-75.706492,39.565922],[-75.706479,39.565918],[-75.706465,39.565915],[-75.706448,39.565912],[-75.706431,39.565908],[-75.706415,39.565905],[-75.706398,39.565904],[-75.706381,39.565903],[-75.706366,39.565904],[-75.706355,39.565904],[-75.706345,39.565904],[-75.706335,39.565903],[-75.706324,39.565903],[-75.706313,39.565903],[-75.706301,39.565903],[-75.706288,39.565901],[-75.706274,39.565899],[-75.706259,39.565898],[-75.706242,39.565896],[-75.706225,39.565895],[-75.706209,39.565895],[-75.706192,39.565895],[-75.706176,39.565895],[-75.70616,39.565894],[-75.706145,39.565893],[-75.70613,39.565891],[-75.706115,39.565889],[-75.706101,39.565889],[-75.706086,39.565889],[-75.706071,39.565889],[-75.706054,39.565888],[-75.706037,39.565887],[-75.706019,39.565886],[-75.706002,39.565883],[-75.705986,39.56588],[-75.70597,39.565876],[-75.705956,39.565872],[-75.705942,39.565868],[-75.705929,39.565863],[-75.705916,39.565858],[-75.705903,39.565852],[-75.70589,39.565846],[-75.705877,39.565841],[-75.705867,39.565837],[-75.705859,39.565836],[-75.705854,39.565842],[-75.705848,39.565852],[-75.705842,39.565857],[-75.705836,39.565858],[-75.705827,39.565856],[-75.705816,39.565851],[-75.705804,39.565845],[-75.70579,39.565839],[-75.705775,39.565833],[-75.70576,39.565827],[-75.705745,39.565822],[-75.70573,39.565818],[-75.705714,39.565816],[-75.705698,39.565816],[-75.70568,39.565817],[-75.705664,39.565818],[-75.705652,39.56582],[-75.705644,39.565822],[-75.705635,39.565825],[-75.705625,39.565827],[-75.705612,39.565828],[-75.705599,39.565829],[-75.705584,39.565829],[-75.70557,39.565829],[-75.705554,39.565829],[-75.705539,39.56583],[-75.705523,39.56583],[-75.705507,39.565829],[-75.705492,39.565827],[-75.705475,39.565824],[-75.705459,39.565822],[-75.705442,39.565819],[-75.705426,39.565816],[-75.70541,39.565813],[-75.705396,39.56581],[-75.705385,39.565807],[-75.705374,39.565805],[-75.705363,39.565804],[-75.705352,39.565803],[-75.70534,39.565803],[-75.705327,39.565804],[-75.705313,39.565806],[-75.705297,39.565808],[-75.705283,39.56581],[-75.70527,39.56581],[-75.705258,39.565809],[-75.705247,39.565809],[-75.705235,39.565809],[-75.70522,39.56581],[-75.705204,39.565812],[-75.705189,39.565815],[-75.705174,39.565816],[-75.70516,39.565817],[-75.705146,39.565819],[-75.705132,39.565821],[-75.705117,39.565823],[-75.705103,39.565823],[-75.705089,39.565824],[-75.705079,39.565825],[-75.705072,39.565828],[-75.705069,39.565832],[-75.705064,39.565837],[-75.705057,39.565843],[-75.705049,39.565847],[-75.705041,39.565851],[-75.705033,39.565854],[-75.705025,39.565857],[-75.705015,39.56586],[-75.705006,39.565863],[-75.704997,39.565866],[-75.704989,39.565869],[-75.704979,39.565873],[-75.704968,39.565879],[-75.704957,39.565884],[-75.704948,39.565887],[-75.704939,39.565889],[-75.704932,39.56589],[-75.704928,39.56589],[-75.704926,39.56589],[-75.704924,39.565891],[-75.704923,39.565892],[-75.70492,39.565894],[-75.704915,39.565896],[-75.704908,39.565899],[-75.704897,39.5659],[-75.704884,39.5659],[-75.704873,39.565902],[-75.704864,39.565907],[-75.704855,39.565913],[-75.704845,39.56592],[-75.704836,39.565928],[-75.704826,39.565936],[-75.704815,39.565943],[-75.704806,39.565949],[-75.704797,39.565955],[-75.704789,39.56596],[-75.704781,39.565964],[-75.704775,39.565969],[-75.704769,39.565973],[-75.704762,39.565978],[-75.704756,39.565982],[-75.70475,39.565985],[-75.704745,39.565987],[-75.70474,39.565988],[-75.704735,39.565991],[-75.704729,39.565996],[-75.704721,39.566002],[-75.704713,39.566008],[-75.704705,39.566014],[-75.704697,39.56602],[-75.704688,39.566026],[-75.704678,39.566033],[-75.704668,39.56604],[-75.704659,39.566047],[-75.704651,39.566054],[-75.704642,39.56606],[-75.704634,39.566067],[-75.704625,39.566075],[-75.704616,39.566083],[-75.704608,39.566092],[-75.7046,39.566099],[-75.704594,39.566106],[-75.70459,39.56611],[-75.704587,39.566113],[-75.704583,39.566116],[-75.704579,39.56612],[-75.704573,39.566126],[-75.704566,39.566132],[-75.704559,39.566137],[-75.704551,39.566141],[-75.704543,39.566144],[-75.704534,39.566147],[-75.704525,39.56615],[-75.704514,39.566154],[-75.704503,39.566157],[-75.70449,39.56616],[-75.704478,39.566163],[-75.704466,39.566166],[-75.704455,39.566168],[-75.704445,39.56617],[-75.704434,39.566172],[-75.704421,39.566175],[-75.704408,39.566177],[-75.704397,39.56618],[-75.704388,39.566183],[-75.70438,39.566187],[-75.704373,39.566191],[-75.704366,39.566197],[-75.704359,39.566204],[-75.704352,39.566212],[-75.704345,39.566219],[-75.70434,39.566227],[-75.704338,39.566235],[-75.704337,39.566243],[-75.704338,39.566251],[-75.70434,39.566261],[-75.704345,39.566271],[-75.704352,39.566281],[-75.704363,39.56629],[-75.704375,39.566297],[-75.704387,39.566303],[-75.7044,39.566307],[-75.704412,39.566312],[-75.704424,39.566316],[-75.704435,39.566321],[-75.704446,39.566328],[-75.704456,39.566335],[-75.704466,39.566344],[-75.704477,39.566354],[-75.704488,39.566365],[-75.704498,39.566375],[-75.704508,39.566385],[-75.704518,39.566396],[-75.704528,39.566406],[-75.704539,39.566416],[-75.70455,39.566427],[-75.70456,39.566437],[-75.704568,39.566447],[-75.704575,39.566457],[-75.70458,39.566466],[-75.704584,39.566476],[-75.704589,39.566486],[-75.704595,39.566497],[-75.7046,39.566507],[-75.704605,39.566519],[-75.704608,39.56653],[-75.704609,39.56654],[-75.704608,39.56655],[-75.704606,39.56656],[-75.704604,39.56657],[-75.704603,39.56658],[-75.704603,39.56659],[-75.704603,39.566601],[-75.704604,39.566611],[-75.704605,39.566622],[-75.704605,39.566632],[-75.704603,39.566642],[-75.704601,39.566651],[-75.7046,39.566662],[-75.704598,39.566672],[-75.704596,39.566684],[-75.704593,39.566696],[-75.704589,39.566709],[-75.704585,39.56672],[-75.704581,39.566731],[-75.704576,39.566742],[-75.704571,39.566752],[-75.704566,39.566762],[-75.704562,39.566772],[-75.704558,39.566783],[-75.704555,39.566794],[-75.704553,39.566805],[-75.704551,39.566815],[-75.704549,39.566826],[-75.704546,39.566836],[-75.704544,39.566846],[-75.704542,39.566856],[-75.70454,39.566865],[-75.704538,39.566875],[-75.704535,39.566884],[-75.704531,39.566894],[-75.704528,39.566903],[-75.704524,39.566911],[-75.704521,39.566917],[-75.704518,39.566922],[-75.704517,39.566925],[-75.704517,39.566927],[-75.704517,39.566928],[-75.704517,39.566929],[-75.704517,39.566931],[-75.704517,39.566932],[-75.704518,39.566934],[-75.704518,39.566936],[-75.704518,39.566938],[-75.704518,39.566939],[-75.704519,39.566941],[-75.704519,39.566944],[-75.704519,39.566947],[-75.704519,39.566951],[-75.704518,39.566956],[-75.704518,39.566964],[-75.704517,39.566973],[-75.704516,39.566982],[-75.704515,39.566991],[-75.704513,39.567],[-75.704512,39.56701],[-75.704511,39.56702],[-75.704511,39.567027],[-75.704511,39.567031],[-75.704511,39.567034],[-75.70451,39.567036],[-75.704509,39.567037],[-75.704508,39.567037],[-75.704507,39.567036],[-75.704506,39.567036],[-75.704505,39.567035],[-75.704504,39.567035],[-75.704503,39.567035],[-75.704502,39.567035],[-75.704501,39.567036],[-75.7045,39.567038],[-75.704501,39.567043],[-75.704502,39.567048],[-75.704504,39.567055],[-75.704506,39.567062],[-75.704508,39.567069],[-75.70451,39.567076],[-75.704511,39.567083],[-75.704512,39.56709],[-75.704512,39.567097],[-75.704512,39.567105],[-75.704511,39.567114],[-75.70451,39.567123],[-75.704509,39.567131],[-75.704509,39.567138],[-75.704509,39.567146],[-75.70451,39.567155],[-75.70451,39.567164],[-75.70451,39.567172],[-75.70451,39.567181],[-75.70451,39.56719],[-75.70451,39.567199],[-75.70451,39.567207],[-75.70451,39.567216],[-75.704512,39.567226],[-75.704513,39.567236],[-75.704515,39.567246],[-75.704516,39.567256],[-75.704518,39.567266],[-75.704519,39.567277],[-75.704519,39.567288],[-75.704518,39.567299],[-75.704516,39.567311],[-75.704514,39.567323],[-75.704513,39.567336],[-75.704512,39.567349],[-75.704512,39.567363],[-75.704512,39.567376],[-75.704512,39.567391],[-75.704512,39.567408],[-75.704512,39.567423],[-75.704509,39.567442],[-75.704504,39.567468],[-75.704496,39.567499],[-75.704486,39.567529],[-75.704475,39.567555],[-75.704464,39.567579],[-75.704455,39.567598],[-75.704449,39.567613],[-75.704444,39.567625],[-75.704438,39.567635],[-75.70443,39.567645],[-75.704421,39.567655],[-75.704413,39.567665],[-75.704405,39.567674],[-75.704397,39.567683],[-75.704389,39.567694],[-75.70438,39.567705],[-75.70437,39.567717],[-75.704362,39.56773],[-75.704354,39.567743],[-75.704346,39.567758],[-75.704338,39.567771],[-75.704328,39.567784],[-75.704319,39.567794],[-75.704313,39.567803],[-75.704308,39.567811],[-75.704302,39.567817],[-75.704295,39.567823],[-75.704289,39.567827],[-75.704285,39.567829],[-75.704285,39.567829],[-75.704285,39.567828],[-75.704285,39.567828],[-75.704282,39.56783],[-75.704276,39.567833],[-75.704265,39.567841],[-75.704251,39.567853],[-75.704236,39.567868],[-75.704221,39.567883],[-75.704206,39.567898],[-75.704192,39.567912],[-75.704181,39.567926],[-75.70417,39.56794],[-75.704162,39.567954],[-75.704156,39.567967],[-75.704153,39.567979],[-75.704151,39.567993],[-75.70415,39.568005],[-75.704149,39.568017],[-75.704149,39.56803],[-75.70415,39.568042],[-75.704151,39.568054],[-75.704149,39.568066],[-75.704145,39.56808],[-75.70414,39.568093],[-75.704134,39.568106],[-75.704127,39.568117],[-75.704119,39.568129],[-75.70411,39.568141],[-75.704099,39.568152],[-75.704087,39.568163],[-75.704075,39.568173],[-75.704063,39.568184],[-75.70405,39.568196],[-75.704037,39.568208],[-75.704024,39.568221],[-75.704011,39.568232],[-75.703998,39.568243],[-75.703984,39.568253],[-75.703971,39.568263],[-75.70396,39.568274],[-75.703953,39.568285],[-75.703948,39.568297],[-75.703947,39.568308],[-75.703948,39.568321],[-75.703951,39.568332],[-75.703955,39.568342],[-75.70396,39.568351],[-75.703966,39.568359],[-75.703973,39.568369],[-75.70398,39.568379],[-75.703988,39.568389],[-75.703998,39.568399],[-75.704009,39.568409],[-75.704021,39.568418],[-75.704034,39.568426],[-75.704048,39.568434],[-75.704064,39.568441],[-75.704081,39.56845],[-75.704099,39.568461],[-75.704117,39.568472],[-75.704133,39.568484],[-75.704147,39.568496],[-75.704161,39.568507],[-75.704174,39.56852],[-75.704185,39.568531],[-75.704196,39.568541],[-75.704205,39.568551],[-75.704214,39.56856],[-75.704224,39.56857],[-75.704234,39.56858],[-75.704244,39.568591],[-75.704254,39.568602],[-75.704264,39.568614],[-75.704274,39.568624],[-75.704283,39.568634],[-75.704291,39.568643],[-75.704299,39.568652],[-75.704306,39.56866],[-75.704312,39.568668],[-75.704318,39.568677],[-75.704325,39.568688],[-75.704331,39.5687],[-75.704337,39.568712],[-75.704342,39.568725],[-75.704347,39.568738],[-75.704352,39.56875],[-75.704357,39.568762],[-75.704363,39.568774],[-75.70437,39.568785],[-75.704377,39.568796],[-75.704385,39.568808],[-75.704393,39.568818],[-75.7044,39.568829],[-75.704406,39.568839],[-75.704412,39.56885],[-75.704419,39.568861],[-75.704424,39.568872],[-75.70443,39.568883],[-75.704436,39.568895],[-75.704442,39.568906],[-75.704448,39.568918],[-75.704453,39.568929],[-75.704458,39.568941],[-75.704462,39.568954],[-75.704466,39.568967],[-75.704469,39.568979],[-75.704472,39.568991],[-75.704474,39.569002],[-75.704477,39.569013],[-75.704478,39.569025],[-75.704479,39.569036],[-75.704479,39.569048],[-75.704478,39.569059],[-75.704477,39.569071],[-75.704475,39.569084],[-75.704473,39.569096],[-75.704471,39.569108],[-75.704469,39.569119],[-75.704467,39.56913],[-75.704465,39.56914],[-75.704464,39.56915],[-75.704463,39.569161],[-75.704463,39.569172],[-75.704463,39.569184],[-75.704464,39.569196],[-75.704464,39.569207],[-75.704465,39.569217],[-75.704465,39.569225],[-75.704466,39.569233],[-75.704466,39.569241],[-75.704466,39.56925],[-75.704466,39.569259],[-75.704467,39.569269],[-75.704467,39.56928],[-75.704468,39.569291],[-75.704469,39.569302],[-75.704469,39.569314],[-75.704469,39.569324],[-75.704471,39.569335],[-75.704473,39.569346],[-75.704475,39.569356],[-75.704477,39.569366],[-75.704478,39.569377],[-75.70448,39.569387],[-75.70448,39.569397],[-75.704482,39.569408],[-75.704483,39.569419],[-75.704484,39.56943],[-75.704486,39.569441],[-75.704487,39.569453],[-75.704488,39.569464],[-75.704488,39.569475],[-75.704489,39.569486],[-75.704489,39.569498],[-75.704488,39.56951],[-75.704488,39.569521],[-75.70449,39.569532],[-75.704491,39.569543],[-75.704491,39.569555],[-75.704488,39.569566],[-75.704484,39.569577],[-75.70448,39.569588],[-75.704478,39.5696],[-75.704477,39.569612],[-75.704475,39.569624],[-75.704473,39.569635],[-75.704471,39.569646],[-75.70447,39.569658],[-75.704469,39.56967],[-75.704467,39.569682],[-75.704465,39.569695],[-75.704463,39.569706],[-75.704461,39.569717],[-75.704458,39.569727],[-75.704453,39.569737],[-75.704446,39.569746],[-75.704438,39.569755],[-75.704431,39.569763],[-75.704425,39.569773],[-75.704421,39.569783],[-75.704418,39.569794],[-75.704417,39.569806],[-75.704418,39.569819],[-75.704419,39.569831],[-75.70442,39.569844],[-75.704419,39.569856],[-75.704417,39.569868],[-75.704413,39.56988],[-75.704408,39.569891],[-75.704404,39.569903],[-75.704399,39.569915],[-75.704394,39.569927],[-75.704389,39.569939],[-75.704385,39.56995],[-75.704382,39.56996],[-75.70438,39.56997],[-75.704376,39.56998],[-75.704373,39.569991],[-75.704369,39.570002],[-75.704365,39.570013],[-75.70436,39.570024],[-75.704356,39.570035],[-75.704353,39.570046],[-75.70435,39.570057],[-75.704348,39.570069],[-75.704346,39.57008],[-75.704344,39.57009],[-75.704343,39.5701],[-75.704341,39.570109],[-75.704339,39.570118],[-75.704337,39.570127],[-75.704335,39.570135],[-75.704333,39.570143],[-75.704331,39.570151],[-75.704329,39.570159],[-75.704327,39.570169],[-75.704324,39.570179],[-75.704322,39.570187],[-75.70432,39.570194],[-75.704318,39.570201],[-75.704317,39.570206],[-75.704316,39.570212],[-75.704316,39.570215],[-75.704318,39.570216],[-75.704321,39.570215],[-75.704324,39.570213],[-75.704328,39.570211],[-75.704333,39.570208],[-75.704339,39.570206],[-75.704345,39.570205],[-75.704349,39.570205],[-75.704351,39.570208],[-75.704352,39.570215],[-75.70435,39.570225],[-75.704346,39.570237],[-75.704342,39.57025],[-75.704336,39.570263],[-75.704328,39.570275],[-75.70432,39.570287],[-75.704312,39.570298],[-75.704305,39.570309],[-75.704298,39.570319],[-75.704291,39.570331],[-75.704284,39.570343],[-75.704277,39.570356],[-75.704271,39.570368],[-75.704264,39.570378],[-75.704257,39.570387],[-75.70425,39.570396],[-75.704243,39.570405],[-75.704236,39.570415],[-75.704229,39.570427],[-75.704221,39.570438],[-75.704213,39.57045],[-75.704206,39.570461],[-75.704199,39.570472],[-75.704194,39.570483],[-75.70419,39.570495],[-75.704187,39.570506],[-75.704184,39.570516],[-75.70418,39.570527],[-75.704175,39.570538],[-75.704171,39.57055],[-75.704165,39.570561],[-75.70416,39.570571],[-75.704155,39.57058],[-75.704151,39.57059],[-75.704147,39.570601],[-75.704144,39.570611],[-75.704141,39.570623],[-75.704137,39.570636],[-75.704134,39.570647],[-75.70413,39.570657],[-75.704125,39.570667],[-75.70412,39.570678],[-75.704116,39.570689],[-75.704111,39.570701],[-75.704106,39.570713],[-75.704102,39.570725],[-75.704097,39.570738],[-75.704092,39.570749],[-75.704088,39.570759],[-75.704083,39.570771],[-75.704079,39.570784],[-75.704074,39.570797],[-75.704071,39.570809],[-75.704068,39.57082],[-75.704063,39.57083],[-75.704058,39.570841],[-75.704052,39.570853],[-75.704046,39.570864],[-75.704041,39.570874],[-75.704034,39.570886],[-75.704028,39.570898],[-75.704023,39.570911],[-75.704018,39.570922],[-75.704014,39.570933],[-75.70401,39.570945],[-75.704006,39.570958],[-75.704003,39.570972],[-75.703999,39.570985],[-75.703995,39.570998],[-75.703992,39.57101],[-75.703989,39.571021],[-75.703985,39.571032],[-75.703981,39.571043],[-75.703975,39.571055],[-75.703969,39.571067],[-75.703964,39.571079],[-75.703959,39.57109],[-75.703954,39.571101],[-75.70395,39.571111],[-75.703946,39.571121],[-75.703943,39.571131],[-75.70394,39.57114],[-75.703936,39.571149],[-75.703932,39.571159],[-75.703927,39.57117],[-75.703923,39.571181],[-75.703918,39.571191],[-75.703914,39.571201],[-75.703909,39.571211],[-75.703904,39.57122],[-75.703898,39.571229],[-75.703893,39.571239],[-75.703888,39.571249],[-75.703883,39.57126],[-75.703878,39.571272],[-75.703873,39.571283],[-75.70387,39.571294],[-75.703865,39.571305],[-75.703861,39.571316],[-75.703858,39.571327],[-75.703855,39.571338],[-75.703852,39.571348],[-75.703849,39.571359],[-75.703846,39.571369],[-75.703842,39.571379],[-75.703838,39.571389],[-75.703834,39.571399],[-75.703829,39.57141],[-75.703825,39.571421],[-75.703821,39.571432],[-75.703817,39.571442],[-75.703813,39.571452],[-75.703809,39.571461],[-75.703805,39.571471],[-75.703801,39.57148],[-75.703796,39.57149],[-75.703791,39.571499],[-75.703786,39.571508],[-75.703781,39.571517],[-75.703777,39.571526],[-75.703772,39.571534],[-75.703767,39.571543],[-75.703761,39.571551],[-75.703754,39.571559],[-75.703747,39.571567],[-75.703741,39.571576],[-75.703735,39.571585],[-75.703732,39.571595],[-75.703731,39.571605],[-75.70373,39.571615],[-75.703728,39.571625],[-75.703726,39.571635],[-75.703723,39.571646],[-75.703719,39.571658],[-75.703716,39.571669],[-75.703712,39.571679],[-75.703708,39.571691],[-75.703704,39.571701],[-75.703701,39.571713],[-75.703698,39.571724],[-75.703696,39.571736],[-75.703693,39.571747],[-75.70369,39.571757],[-75.703685,39.571769],[-75.703681,39.571781],[-75.703677,39.571792],[-75.703673,39.571802],[-75.703671,39.571812],[-75.703668,39.571822],[-75.703666,39.571833],[-75.703665,39.571844],[-75.703664,39.571855],[-75.703665,39.571865],[-75.703666,39.571875],[-75.703669,39.571886],[-75.703673,39.571897],[-75.703679,39.571907],[-75.703684,39.571916],[-75.70369,39.571923],[-75.703697,39.571929],[-75.703705,39.571936],[-75.703714,39.571943],[-75.703725,39.57195],[-75.703736,39.571958],[-75.703749,39.571966],[-75.703762,39.571972],[-75.703774,39.571976],[-75.703785,39.571979],[-75.703797,39.571981],[-75.70381,39.571983],[-75.703822,39.571986],[-75.703834,39.571989],[-75.703846,39.571991],[-75.703858,39.571994],[-75.703871,39.571995],[-75.703884,39.571995],[-75.703898,39.571995],[-75.703912,39.571993],[-75.703924,39.571989],[-75.703935,39.571986],[-75.703946,39.571983],[-75.703956,39.571982],[-75.703966,39.571981],[-75.703978,39.571981],[-75.703991,39.571981],[-75.704005,39.571981],[-75.704018,39.571981],[-75.704031,39.571982],[-75.704044,39.571982],[-75.704056,39.571982],[-75.704068,39.571982],[-75.70408,39.57198],[-75.704092,39.571979],[-75.704104,39.571977],[-75.704118,39.571976],[-75.704134,39.571975],[-75.704149,39.571975],[-75.704162,39.571975],[-75.704175,39.571976],[-75.704189,39.571978],[-75.704204,39.57198],[-75.704219,39.571983],[-75.704233,39.571985],[-75.704247,39.571988],[-75.704261,39.571991],[-75.704277,39.571996],[-75.704292,39.572002],[-75.704305,39.572006],[-75.704316,39.57201],[-75.704328,39.572013],[-75.70434,39.572016],[-75.704352,39.572019],[-75.704363,39.572022],[-75.704375,39.572027],[-75.704387,39.572032],[-75.704397,39.572038],[-75.704407,39.572044],[-75.704418,39.57205],[-75.70443,39.572056],[-75.704441,39.572061],[-75.704454,39.572067],[-75.704465,39.572073],[-75.704476,39.572079],[-75.704486,39.572086],[-75.704498,39.572094],[-75.704509,39.572103],[-75.704521,39.572113],[-75.704533,39.572122],[-75.704544,39.57213],[-75.704555,39.572139],[-75.704565,39.572145],[-75.704575,39.57215],[-75.704584,39.572154],[-75.704595,39.572159],[-75.704607,39.572165],[-75.704618,39.57217],[-75.70463,39.572174],[-75.704642,39.572178],[-75.704652,39.572182],[-75.704662,39.572185],[-75.704672,39.572188],[-75.704683,39.572192],[-75.704694,39.572196],[-75.704704,39.572199],[-75.704714,39.572203],[-75.704725,39.572208],[-75.704734,39.572212],[-75.704742,39.572217],[-75.704751,39.572223],[-75.704759,39.57223],[-75.704767,39.572237],[-75.704774,39.572245],[-75.704781,39.572254],[-75.704788,39.572263],[-75.704796,39.572271],[-75.704803,39.572279],[-75.704811,39.572287],[-75.704819,39.572295],[-75.704827,39.572304],[-75.704836,39.572312],[-75.704843,39.572321],[-75.70485,39.572329],[-75.704855,39.572337],[-75.704861,39.572345],[-75.704867,39.572354],[-75.704873,39.572364],[-75.70488,39.572375],[-75.704887,39.572385],[-75.704894,39.572395],[-75.704902,39.572405],[-75.704911,39.572414],[-75.70492,39.572423],[-75.704928,39.572432],[-75.704936,39.572441],[-75.704944,39.57245],[-75.704952,39.572459],[-75.704961,39.572468],[-75.704972,39.572478],[-75.704984,39.572488],[-75.704995,39.572496],[-75.705005,39.572504],[-75.705015,39.57251],[-75.705025,39.572515],[-75.705037,39.572521],[-75.70505,39.572527],[-75.705064,39.572534],[-75.705078,39.57254],[-75.70509,39.572548],[-75.705099,39.572556],[-75.705107,39.572564],[-75.705113,39.57257],[-75.705121,39.572576],[-75.705129,39.572583],[-75.705139,39.57259],[-75.705149,39.5726],[-75.70516,39.572609],[-75.70517,39.572619],[-75.705181,39.572628],[-75.705191,39.572639],[-75.705201,39.572649],[-75.705209,39.572658],[-75.705218,39.572668],[-75.705227,39.572678],[-75.705237,39.572688],[-75.705246,39.572697],[-75.705258,39.572706],[-75.70527,39.572714],[-75.705283,39.572721],[-75.705296,39.572728],[-75.705309,39.572735],[-75.705323,39.572742],[-75.705337,39.572749],[-75.705351,39.572756],[-75.705364,39.572762],[-75.705376,39.572767],[-75.70539,39.572772],[-75.705404,39.572777],[-75.705418,39.572781],[-75.70543,39.572784],[-75.70544,39.572787],[-75.705451,39.572788],[-75.705463,39.572788],[-75.705477,39.572787],[-75.705492,39.572785],[-75.705507,39.572785],[-75.705519,39.572785],[-75.70553,39.572787],[-75.70554,39.572789],[-75.70555,39.57279],[-75.705561,39.572791],[-75.705574,39.572793],[-75.705589,39.572796],[-75.705604,39.5728],[-75.705617,39.572805],[-75.70563,39.57281],[-75.705643,39.572815],[-75.705656,39.572819],[-75.705668,39.572825],[-75.70568,39.57283],[-75.705692,39.572836],[-75.705705,39.572843],[-75.705718,39.57285],[-75.705731,39.572859],[-75.705744,39.572867],[-75.705757,39.572875],[-75.705769,39.572883],[-75.705781,39.572892],[-75.70579,39.572901],[-75.705798,39.57291],[-75.705806,39.572919],[-75.705814,39.572926],[-75.705821,39.572931],[-75.70583,39.572934],[-75.705839,39.572939],[-75.70585,39.572945],[-75.70586,39.572952],[-75.705869,39.572959],[-75.705878,39.572965],[-75.705887,39.572971],[-75.705897,39.572977],[-75.705906,39.572982],[-75.705914,39.572988],[-75.705922,39.572994],[-75.705931,39.572999],[-75.705939,39.573005],[-75.705948,39.573011],[-75.70596,39.573018],[-75.705973,39.573025],[-75.705986,39.573031],[-75.705997,39.573036],[-75.706007,39.573039],[-75.706016,39.573042],[-75.706026,39.573043],[-75.706038,39.573044],[-75.706051,39.573042],[-75.706064,39.57304],[-75.706077,39.573038],[-75.706088,39.573035],[-75.7061,39.573033],[-75.706112,39.573029],[-75.706126,39.573025],[-75.70614,39.573019],[-75.706153,39.573013],[-75.706165,39.573007],[-75.706176,39.573001],[-75.706189,39.572993],[-75.706201,39.572986],[-75.706209,39.572979],[-75.706214,39.57297],[-75.706218,39.572961],[-75.706222,39.572951],[-75.706225,39.572942],[-75.706227,39.572932],[-75.706229,39.572922],[-75.706231,39.572911],[-75.706233,39.572901],[-75.706236,39.572891],[-75.706239,39.572881],[-75.706241,39.572871],[-75.706242,39.572862],[-75.706243,39.572854],[-75.706245,39.572844],[-75.706247,39.572833],[-75.706248,39.572821],[-75.70625,39.572808],[-75.706253,39.572796],[-75.706256,39.572785],[-75.70626,39.572775],[-75.706266,39.572764],[-75.706273,39.572753],[-75.706279,39.572745],[-75.706286,39.572737],[-75.706294,39.57273],[-75.706302,39.572722],[-75.70631,39.572713],[-75.706318,39.572705],[-75.706327,39.572696],[-75.706335,39.572688],[-75.706343,39.57268],[-75.706352,39.572671],[-75.70636,39.572662],[-75.706369,39.572654],[-75.706377,39.572646],[-75.706385,39.572639],[-75.706394,39.572631],[-75.706403,39.572624],[-75.706414,39.572618],[-75.706424,39.572614],[-75.706435,39.572611],[-75.706445,39.572607],[-75.706455,39.572603],[-75.706465,39.572598],[-75.706474,39.572592],[-75.706483,39.572585],[-75.706491,39.572578],[-75.706499,39.57257],[-75.706507,39.572561],[-75.706515,39.572552],[-75.706522,39.572543],[-75.706527,39.572534],[-75.706531,39.572525],[-75.706532,39.572516],[-75.706533,39.572507],[-75.706533,39.572499],[-75.706532,39.572491],[-75.706532,39.572484],[-75.706532,39.572477],[-75.706531,39.572468],[-75.706531,39.572459],[-75.706531,39.57245],[-75.706532,39.572441],[-75.706532,39.57243],[-75.706531,39.572418],[-75.706529,39.572406],[-75.70653,39.572395],[-75.706533,39.572386],[-75.706536,39.572378],[-75.706537,39.57237],[-75.706539,39.572359],[-75.706545,39.572347],[-75.706553,39.572336],[-75.706564,39.572326],[-75.706575,39.572317],[-75.706586,39.572309],[-75.706595,39.572302],[-75.706603,39.572294],[-75.706611,39.572285],[-75.70662,39.572276],[-75.706629,39.572267],[-75.706637,39.572258],[-75.706645,39.57225],[-75.706653,39.572241],[-75.706661,39.572232],[-75.70667,39.572224],[-75.706677,39.572215],[-75.706685,39.572207],[-75.706692,39.5722],[-75.7067,39.572192],[-75.706708,39.572184],[-75.706716,39.572176],[-75.706724,39.572168],[-75.706731,39.57216],[-75.706737,39.572153],[-75.706742,39.572147],[-75.706746999999993,39.572141],[-75.706752,39.572135],[-75.706758,39.57213],[-75.706766,39.572124],[-75.706772,39.572119],[-75.706777,39.572113],[-75.706781,39.572107],[-75.706785,39.572102],[-75.706789,39.572097],[-75.706793,39.572092],[-75.706797,39.572087],[-75.7068,39.572083],[-75.706804,39.572078],[-75.706809,39.572073],[-75.706815,39.572067],[-75.706822,39.572061],[-75.706828,39.572055],[-75.706834,39.572048],[-75.70684,39.572041],[-75.706845,39.572035],[-75.70685,39.572029],[-75.706855,39.572023],[-75.706861,39.572017],[-75.706867,39.57201],[-75.706873,39.572003],[-75.70688,39.571996],[-75.706885,39.571989],[-75.70689,39.571983],[-75.706894,39.571977],[-75.706899,39.57197],[-75.706903,39.571963],[-75.706907,39.571958],[-75.706911,39.571952],[-75.706915,39.571946],[-75.706921,39.571939],[-75.706926,39.571931],[-75.706932,39.571923],[-75.706938,39.571914],[-75.706945,39.571903],[-75.706954,39.571892],[-75.706962,39.571882],[-75.70697,39.571874],[-75.706976,39.571868],[-75.706983,39.571862],[-75.706989,39.571856],[-75.706997,39.57185],[-75.707005,39.571844],[-75.707013,39.571837],[-75.70702,39.571831],[-75.707028,39.571825],[-75.707036,39.571818],[-75.707043,39.571811],[-75.707051,39.571802],[-75.70706,39.571792],[-75.70707,39.571781],[-75.707078,39.571773],[-75.707084,39.571765],[-75.70709,39.571757],[-75.707096,39.571751],[-75.707102,39.571745],[-75.707108,39.571738],[-75.707114,39.571731],[-75.707122,39.571725],[-75.707129,39.571717],[-75.707136,39.571708],[-75.707143,39.571698],[-75.70715,39.571688],[-75.707157,39.571678],[-75.707164,39.571668],[-75.707171,39.571658],[-75.707179,39.571649],[-75.707187,39.571639],[-75.707196,39.57163],[-75.707204,39.57162],[-75.707212,39.571611],[-75.70722,39.571602],[-75.707229,39.571594],[-75.707238,39.571587],[-75.707248,39.571579],[-75.707259,39.571571],[-75.707271,39.571562],[-75.707282,39.571552],[-75.707293,39.571543],[-75.707303,39.571533],[-75.707312,39.571523],[-75.707321,39.571514],[-75.707329,39.571506],[-75.707337,39.571497],[-75.707345,39.571487],[-75.707353,39.571475],[-75.707362,39.571463],[-75.707368,39.57145],[-75.707374,39.571437],[-75.707379,39.571425],[-75.707384,39.571413],[-75.707391,39.571402],[-75.707398,39.571392],[-75.707406,39.571382],[-75.707415,39.571371],[-75.707423,39.571361],[-75.707431,39.571352],[-75.707437,39.571345],[-75.707442,39.571339],[-75.70745,39.571332],[-75.70746,39.571324],[-75.707471,39.571316],[-75.707483,39.571306],[-75.707494,39.571296],[-75.707503,39.571286],[-75.707512,39.571276],[-75.707519,39.571268],[-75.707527,39.571259],[-75.707537,39.571249],[-75.707547,39.57124],[-75.707558,39.57123],[-75.707568,39.57122],[-75.707578,39.57121],[-75.707586,39.571199],[-75.707594,39.57119],[-75.707601,39.571181],[-75.707609,39.571172],[-75.707619,39.571163],[-75.707628,39.571155],[-75.707637,39.571147],[-75.707645,39.571138],[-75.707653,39.571129],[-75.707661,39.57112],[-75.707666,39.571112],[-75.70767,39.571105],[-75.707673,39.571098],[-75.707677,39.571091],[-75.70768,39.571086],[-75.707684,39.57108],[-75.70769,39.571072],[-75.707696,39.571065],[-75.707704,39.571057],[-75.707711,39.571049],[-75.707717,39.571042],[-75.707723,39.571035],[-75.707729,39.571026],[-75.707735,39.571016],[-75.707742,39.571006],[-75.707748,39.570997],[-75.707754,39.570988],[-75.707762,39.570978],[-75.707771,39.570969],[-75.707782,39.570959],[-75.707794,39.570949],[-75.707805,39.570939],[-75.707814,39.570931],[-75.707823,39.570924],[-75.707832,39.570916],[-75.707842,39.570909],[-75.707852,39.570901],[-75.707863,39.570892],[-75.707875,39.570884],[-75.707886,39.570875],[-75.707896,39.570866],[-75.707904,39.570857],[-75.707911,39.570849],[-75.707919,39.570841],[-75.707927,39.570832],[-75.707935,39.570823],[-75.707941,39.570814],[-75.707947,39.570805],[-75.707954,39.570795],[-75.707963,39.570784],[-75.707972,39.570773],[-75.70798,39.570762],[-75.707988,39.570751],[-75.707996,39.57074],[-75.708004,39.570728],[-75.70801,39.570717],[-75.708015,39.570706],[-75.70802,39.570695],[-75.708025,39.570685],[-75.708031,39.570675],[-75.70804,39.570666],[-75.708051,39.570656],[-75.708063,39.570646],[-75.708073,39.570637],[-75.708083,39.570628],[-75.708092,39.57062],[-75.708101,39.570611],[-75.70811,39.570604],[-75.708121,39.570596],[-75.708132,39.570588],[-75.708143,39.57058],[-75.708155,39.570573],[-75.708166,39.570566],[-75.708176,39.570561],[-75.708183,39.570556],[-75.70819,39.570552],[-75.708196,39.570546],[-75.7082,39.570538],[-75.708205,39.570529],[-75.708211,39.570519],[-75.708219,39.57051],[-75.708227,39.570502],[-75.708235,39.570495],[-75.708244,39.570489],[-75.708254,39.570481],[-75.708263,39.570473],[-75.708271,39.570464],[-75.708279,39.570454],[-75.708286,39.570445],[-75.708295,39.570435],[-75.708303,39.570426],[-75.70831,39.570417],[-75.708316,39.570409],[-75.708322,39.5704],[-75.708328,39.570391],[-75.708334,39.570382],[-75.70834,39.570373],[-75.708346,39.570364],[-75.708353,39.570355],[-75.708358,39.570347],[-75.708363,39.570339],[-75.708369,39.570331],[-75.708375,39.570323],[-75.708382,39.570314],[-75.70839,39.570307],[-75.708398,39.5703],[-75.708405,39.570293],[-75.708412,39.570286],[-75.708419,39.570278],[-75.708426,39.570269],[-75.708431,39.570259],[-75.708437,39.57025],[-75.708443,39.570242],[-75.70845,39.570233],[-75.708457,39.570224],[-75.708463,39.570216],[-75.708469,39.570207],[-75.708476,39.570198],[-75.708482,39.570189],[-75.708489,39.57018],[-75.708498,39.570171],[-75.708506,39.570162],[-75.708515,39.570152],[-75.708522,39.570143],[-75.708529,39.570135],[-75.708536,39.570126],[-75.708543,39.570117],[-75.708551,39.570108],[-75.708558,39.570099],[-75.708565,39.570091],[-75.708574,39.570082],[-75.708583,39.570073],[-75.708593,39.570064],[-75.708603,39.570056],[-75.708613,39.570048],[-75.708623,39.57004],[-75.708634,39.57003],[-75.708645,39.570021],[-75.708654,39.570012],[-75.708663,39.570003],[-75.708671,39.569993],[-75.708679,39.569984],[-75.708685,39.569975],[-75.708692,39.569967],[-75.708699,39.569958],[-75.708706,39.569949],[-75.708713,39.56994],[-75.708719,39.569932],[-75.708725,39.569923],[-75.708731,39.569914],[-75.708737,39.569905],[-75.708743,39.569896],[-75.708749,39.569888],[-75.708757,39.56988],[-75.708764,39.569871],[-75.708773,39.569861],[-75.708781,39.569852],[-75.708788,39.569844],[-75.708795,39.569836],[-75.708801,39.569829],[-75.708807,39.56982],[-75.708813,39.569811],[-75.70882,39.569801],[-75.708828,39.569792],[-75.708835,39.569782],[-75.708843,39.569772],[-75.708849,39.569763],[-75.708854,39.569753],[-75.708859,39.569744],[-75.708864,39.569736],[-75.708869,39.569729],[-75.708876,39.569722],[-75.708885,39.569714],[-75.708894,39.569707],[-75.708903,39.569699],[-75.708911,39.569692],[-75.708919,39.569685],[-75.708925,39.569678],[-75.708932,39.569671],[-75.708939,39.569664],[-75.708948,39.569658],[-75.708959,39.569653],[-75.708971,39.569648],[-75.708984,39.569642],[-75.708997,39.569636],[-75.709009,39.569631],[-75.709021,39.569625],[-75.709032,39.56962],[-75.709041,39.569614],[-75.709051,39.569608],[-75.709061,39.569602],[-75.709071,39.569596],[-75.709083,39.569592],[-75.709094,39.569586],[-75.709103,39.569581],[-75.709111,39.569576],[-75.709119,39.569571],[-75.709127,39.569565],[-75.709135,39.569558],[-75.709144,39.56955],[-75.709152,39.569542],[-75.709161,39.569534],[-75.709169,39.569525],[-75.709177,39.569516],[-75.709184,39.569507],[-75.709191,39.569499],[-75.709197,39.56949],[-75.709203,39.569481],[-75.709209,39.569471],[-75.709215,39.569461],[-75.709223,39.569451],[-75.709232,39.569441],[-75.709241,39.569433],[-75.70925,39.569426],[-75.709259,39.569422],[-75.709267,39.569418],[-75.709276,39.569413],[-75.709284,39.569407],[-75.709293,39.5694],[-75.709303,39.569392],[-75.709312,39.569383],[-75.709321,39.569374],[-75.70933,39.569366],[-75.709339,39.569357],[-75.709348,39.569347],[-75.709357,39.569338],[-75.709364,39.569328],[-75.709372,39.569319],[-75.709378,39.569309],[-75.709384,39.569299],[-75.70939,39.569289],[-75.709395,39.569277],[-75.709401,39.569266],[-75.709408,39.569255],[-75.709416,39.569244],[-75.709425,39.569235],[-75.709434,39.569225],[-75.709443,39.569216],[-75.709451,39.569206],[-75.709458,39.569197],[-75.709465,39.569188],[-75.709473,39.569179],[-75.709481,39.56917],[-75.709491,39.569158],[-75.709501,39.569145],[-75.709511,39.569135],[-75.709519,39.569125],[-75.709527,39.569116],[-75.709535,39.569107],[-75.709544,39.569098],[-75.709551,39.569089],[-75.709558,39.569081],[-75.709565,39.569072],[-75.709571,39.569062],[-75.709576,39.569053],[-75.709582,39.569044],[-75.709589,39.569035],[-75.709598,39.569026],[-75.709606,39.569017],[-75.709614,39.569008],[-75.709621,39.568998],[-75.709627,39.568989],[-75.709635,39.56898],[-75.709644,39.568972],[-75.709652,39.568963],[-75.709661,39.568953],[-75.709669,39.568944],[-75.709677,39.568935],[-75.709686,39.568927],[-75.709695,39.568918],[-75.709705,39.56891],[-75.709716,39.568902],[-75.709727,39.568893],[-75.709737,39.568885],[-75.709747,39.568877],[-75.709756,39.568871],[-75.709766,39.568864],[-75.709777,39.568857],[-75.709789,39.568851],[-75.709802,39.568845],[-75.709814,39.56884],[-75.709827,39.568836],[-75.70984,39.568831],[-75.709853,39.568826],[-75.709867,39.568822],[-75.709881,39.568819],[-75.709894,39.568816],[-75.709907,39.568813],[-75.709919,39.56881],[-75.709931,39.568807],[-75.709942,39.568803],[-75.709953,39.568798],[-75.709965,39.568792],[-75.709976,39.568785],[-75.709986,39.568778],[-75.709997,39.568771],[-75.710009,39.568763],[-75.71002,39.568755],[-75.71003,39.568748],[-75.71004,39.56874],[-75.71005,39.568731],[-75.710059,39.568721],[-75.710069,39.568711],[-75.71008,39.568699],[-75.710089,39.568688],[-75.710098,39.568677],[-75.710108,39.568666],[-75.710117,39.568656],[-75.710127,39.568646],[-75.710136,39.568636],[-75.710146,39.568627],[-75.710155,39.568618],[-75.710164,39.568609],[-75.710171,39.5686],[-75.710176,39.568591],[-75.71018,39.568582],[-75.710182,39.568573],[-75.710185,39.568564],[-75.710188,39.568556],[-75.710193,39.568549],[-75.710199,39.568541],[-75.710205,39.568534],[-75.710213,39.568527],[-75.710221,39.568519],[-75.710228,39.568512],[-75.710236,39.568504],[-75.710244,39.568497],[-75.710253,39.568489],[-75.710261,39.568481],[-75.710269,39.568473],[-75.710276,39.568466],[-75.710283,39.568459],[-75.710293,39.568452],[-75.710306,39.568444],[-75.71032,39.568437],[-75.710334,39.56843],[-75.710347,39.568422],[-75.710357,39.568413],[-75.710366,39.568401],[-75.710373,39.56839],[-75.710379,39.568379],[-75.710386,39.568369],[-75.710394,39.56836],[-75.710402,39.568353],[-75.710408,39.568348],[-75.710414,39.568346],[-75.710421,39.568345],[-75.710433,39.56834],[-75.710446,39.568334],[-75.710461,39.568327],[-75.710475,39.56832],[-75.710488,39.568313],[-75.710499,39.568308],[-75.71051,39.568305],[-75.710522,39.568301],[-75.710534,39.568297],[-75.710547,39.568293],[-75.71056,39.56829],[-75.710573,39.568288],[-75.710588,39.568286],[-75.710604,39.568284],[-75.710618,39.568281],[-75.710631,39.568278],[-75.710642,39.568274],[-75.710652,39.568271],[-75.710662,39.568267],[-75.710674,39.568264],[-75.710688,39.56826],[-75.710703,39.568257],[-75.710719,39.568253],[-75.710734,39.56825],[-75.710749,39.568247],[-75.710763,39.568243],[-75.710777,39.56824],[-75.71079,39.568237],[-75.710803,39.568234],[-75.710816,39.568232],[-75.710831,39.568229],[-75.710847,39.568226],[-75.710862,39.568223],[-75.710878,39.568221],[-75.710893,39.568218],[-75.710909,39.568215],[-75.710926,39.568213],[-75.710942,39.568212],[-75.710958,39.56821],[-75.710973,39.568208],[-75.710987,39.568207],[-75.711,39.568205],[-75.711014,39.568204],[-75.711027,39.568204],[-75.71104,39.568204],[-75.711051,39.568204],[-75.711061,39.568204],[-75.711066,39.568205],[-75.711068,39.568206],[-75.71107,39.568208],[-75.711071,39.568209],[-75.711071,39.568211],[-75.71107,39.568212],[-75.711069,39.568213],[-75.711068,39.568214],[-75.711066,39.568214],[-75.711066,39.568214],[-75.711065,39.568215],[-75.711066,39.568215],[-75.711068,39.568214],[-75.711071,39.568214],[-75.711077,39.568213],[-75.711083,39.568212],[-75.711091,39.568211],[-75.7111,39.568209],[-75.711108,39.568205],[-75.711117,39.5682],[-75.711124,39.568193],[-75.71113,39.568184],[-75.711136,39.568175],[-75.711141,39.568166],[-75.711146,39.568157],[-75.711151,39.568149],[-75.711157,39.568142],[-75.711162,39.568135],[-75.711168,39.568126],[-75.711173,39.568115],[-75.711178,39.568103],[-75.711181,39.568091],[-75.711185,39.56808],[-75.711188,39.56807],[-75.711192,39.56806],[-75.711196,39.56805],[-75.7112,39.568039],[-75.711204,39.568029],[-75.711209,39.568018],[-75.711214,39.568007],[-75.711218,39.567996],[-75.711222,39.567986],[-75.711226,39.567977],[-75.71123,39.567969],[-75.711234,39.567962],[-75.711238,39.567954],[-75.711242,39.567945],[-75.711247,39.567937],[-75.711252,39.567928],[-75.711256,39.567919],[-75.711261,39.56791],[-75.711265,39.567901],[-75.71127,39.567893],[-75.711275,39.567884],[-75.71128,39.567876],[-75.711284,39.567868],[-75.711288,39.56786],[-75.711291,39.567852],[-75.711294,39.567845],[-75.711296,39.567837],[-75.711299,39.567829],[-75.711302,39.567822],[-75.711305,39.567815],[-75.711308,39.567808],[-75.71131,39.567801],[-75.711313,39.567795],[-75.711318,39.567788],[-75.711325,39.567782],[-75.711333,39.567776],[-75.711343,39.567771],[-75.711355,39.567764],[-75.711369,39.567758],[-75.711382,39.567753],[-75.711395,39.567748],[-75.711406,39.567744],[-75.711418,39.567739],[-75.711431,39.567735],[-75.711445,39.567731],[-75.71146,39.567727],[-75.711476,39.567721],[-75.71149,39.567715],[-75.711502,39.567708],[-75.711514,39.567702],[-75.711526,39.567695],[-75.711537,39.567687],[-75.711547,39.567681],[-75.711557,39.567674],[-75.711567,39.567669],[-75.711578,39.567664],[-75.711589,39.567659],[-75.711598,39.567653],[-75.711605,39.567646],[-75.711612,39.567638],[-75.711619,39.567629],[-75.711626,39.56762],[-75.711632,39.567611],[-75.711637,39.567602],[-75.711644,39.567593],[-75.71165,39.567584],[-75.711656,39.567576],[-75.711661,39.567567],[-75.711665,39.567558],[-75.711668,39.567549],[-75.71167,39.567539],[-75.71167,39.56753],[-75.711671,39.56752],[-75.711673,39.567511],[-75.711675,39.567504],[-75.711677,39.567497],[-75.711679,39.567491],[-75.711682,39.567484],[-75.711686,39.567476],[-75.71169,39.567467],[-75.711695,39.567459],[-75.711701,39.567452],[-75.711708,39.567445],[-75.711714,39.567439],[-75.711721,39.567433],[-75.711727,39.567425],[-75.711733,39.567417],[-75.711739,39.56741],[-75.711743,39.567402],[-75.711749,39.567394],[-75.711755,39.567386],[-75.711761,39.567378],[-75.711767,39.56737],[-75.711774,39.567362],[-75.711781,39.567354],[-75.711788,39.567345],[-75.711796,39.567337],[-75.711804,39.567329],[-75.711812,39.567321],[-75.711821,39.567314],[-75.71183,39.567307],[-75.711839,39.5673],[-75.711849,39.567293],[-75.711858,39.567286],[-75.711868,39.567278],[-75.711878,39.567271],[-75.711889,39.567264],[-75.711899,39.567257],[-75.711908,39.567251],[-75.711917,39.567246],[-75.711926,39.56724],[-75.711933,39.567234],[-75.711942,39.567228],[-75.711951,39.567222],[-75.711961,39.567216],[-75.711971,39.56721],[-75.71198,39.567203],[-75.711988,39.567195],[-75.711996,39.567186],[-75.712004,39.567177],[-75.712009,39.567167],[-75.712012,39.567156],[-75.712016,39.567146],[-75.712022,39.567137],[-75.712029,39.567129],[-75.712037,39.567122],[-75.712045,39.567116],[-75.712051,39.56711],[-75.712057,39.567103],[-75.712063,39.567096],[-75.712068,39.567089],[-75.712073,39.567082],[-75.712079,39.567073],[-75.712085,39.567065],[-75.712093,39.567058],[-75.712101,39.567051],[-75.712109,39.567044],[-75.712117,39.567037],[-75.712125,39.56703],[-75.712133,39.567023],[-75.71214,39.567016],[-75.712147,39.567009],[-75.712153,39.567002],[-75.712161,39.566995],[-75.712169,39.566987],[-75.712178,39.56698],[-75.712186,39.566972],[-75.712194,39.566965],[-75.712202,39.566958],[-75.712209,39.56695],[-75.712217,39.566944],[-75.712227,39.566938],[-75.712237,39.566934],[-75.712249,39.56693],[-75.712262,39.566927],[-75.712275,39.566924],[-75.712289,39.566918],[-75.7123,39.566912],[-75.712307,39.566906],[-75.712314,39.566899],[-75.712323,39.566892],[-75.712331,39.566885],[-75.712339,39.566877],[-75.712344,39.566869],[-75.712349,39.56686],[-75.712353,39.56685],[-75.712357,39.56684],[-75.712363,39.566829],[-75.712369,39.566819],[-75.712375,39.56681],[-75.712383,39.566802],[-75.712391,39.566793],[-75.712399,39.566784],[-75.712408,39.566776],[-75.712418,39.566766],[-75.712428,39.566756],[-75.712437,39.566747],[-75.712447,39.566739],[-75.712456,39.566731],[-75.712465,39.566723],[-75.712472,39.566714],[-75.712479,39.566705],[-75.712486,39.566696],[-75.712493,39.566688],[-75.712501,39.566679],[-75.712509,39.566671],[-75.712517,39.566663],[-75.712526,39.566655],[-75.712535,39.566648],[-75.712543,39.566641],[-75.712549,39.566633],[-75.712554,39.566625],[-75.712558,39.566617],[-75.712563,39.566609],[-75.712568,39.566602],[-75.712573,39.566595],[-75.712577,39.566587],[-75.712581,39.566579],[-75.712584,39.566572],[-75.712588,39.566566],[-75.712593,39.566559],[-75.712598,39.566551],[-75.712604,39.566542],[-75.712609,39.566533],[-75.712615,39.566525],[-75.712622,39.566516],[-75.712631,39.566507],[-75.712641,39.566497],[-75.712651,39.566487],[-75.712661,39.566477],[-75.71267,39.566467],[-75.712678,39.566459],[-75.712686,39.566451],[-75.712694,39.566444],[-75.712704,39.566437],[-75.712715,39.56643],[-75.712727,39.566423],[-75.712739,39.566416],[-75.712752,39.566408],[-75.712765,39.566401],[-75.712777,39.566393],[-75.712788,39.566385],[-75.712798,39.566376],[-75.712808,39.566368],[-75.712818,39.566361],[-75.712827,39.566353],[-75.712837,39.566346],[-75.712845,39.566338],[-75.712853,39.56633],[-75.712861,39.566322],[-75.712869,39.566315],[-75.712878,39.566308],[-75.712887,39.5663],[-75.712897,39.566291],[-75.712908,39.566283],[-75.712919,39.566275],[-75.71293,39.566268],[-75.71294,39.56626],[-75.71295,39.566251],[-75.712959,39.566241],[-75.712969,39.566232],[-75.712978,39.566225],[-75.712986,39.566219],[-75.712994,39.566213],[-75.713003,39.566206],[-75.71301,39.566198],[-75.713017,39.566191],[-75.713022,39.566183],[-75.713027,39.566174],[-75.713031,39.566165],[-75.713034,39.566158],[-75.713038,39.566151],[-75.713041,39.566143],[-75.713045,39.566134],[-75.71305,39.566125],[-75.713055,39.566114],[-75.713061,39.566104],[-75.713069,39.566092],[-75.713079,39.566082],[-75.713089,39.566075],[-75.713101,39.56607],[-75.713115,39.566066],[-75.713129,39.56606],[-75.713141,39.566053],[-75.713151,39.566045],[-75.71316,39.566036],[-75.71317,39.566028],[-75.71318,39.566019],[-75.713189,39.56601],[-75.713199,39.566001],[-75.713207,39.565991],[-75.713215,39.56598],[-75.713223,39.56597],[-75.71323,39.56596],[-75.713236,39.565951],[-75.713241,39.565942],[-75.713245,39.565933],[-75.71325,39.565924],[-75.713255,39.565917],[-75.713261,39.56591],[-75.713267,39.565903],[-75.713275,39.565895],[-75.713283,39.565886],[-75.713291,39.565878],[-75.7133,39.565869],[-75.713309,39.56586],[-75.713318,39.565851],[-75.713327,39.565843],[-75.713335,39.565836],[-75.713343,39.565828],[-75.71335,39.565819],[-75.713357,39.565809],[-75.713364,39.5658],[-75.713371,39.565791],[-75.713377,39.565783],[-75.713382,39.565775],[-75.713387,39.565767],[-75.713393,39.565759],[-75.7134,39.565751],[-75.713408,39.565742],[-75.713416,39.565732],[-75.713424,39.565722],[-75.713432,39.565713],[-75.713441,39.565702],[-75.713452,39.565692],[-75.713465,39.565681],[-75.713478,39.565671],[-75.713492,39.565661],[-75.713505,39.565653],[-75.713517,39.565645],[-75.71353,39.565637],[-75.713543,39.565627],[-75.713556,39.565617],[-75.713569,39.565606],[-75.713582,39.565596],[-75.713594,39.565585],[-75.713605,39.565574],[-75.713614,39.565564],[-75.713621,39.565555],[-75.713627,39.565545],[-75.713631,39.565536],[-75.713632,39.565528],[-75.713634,39.565519],[-75.713638,39.56551],[-75.713644,39.565501],[-75.713651,39.565491],[-75.713658,39.565482],[-75.713665,39.565474],[-75.713671,39.565466],[-75.713677,39.565459],[-75.713684,39.565452],[-75.713691,39.565444],[-75.713698,39.565435],[-75.713707,39.565427],[-75.713716,39.565421],[-75.713725,39.565415],[-75.713735,39.56541],[-75.713744,39.565404],[-75.713753,39.565398],[-75.713762,39.565391],[-75.71377,39.565385],[-75.713777,39.565378],[-75.713784,39.565371],[-75.713791,39.565364],[-75.713799,39.565357],[-75.713808,39.565351],[-75.713816,39.565345],[-75.713824,39.565339],[-75.713832,39.565333],[-75.713839,39.565327],[-75.713845,39.565321],[-75.713848,39.565314],[-75.71385,39.565306],[-75.713855,39.565297],[-75.713864,39.565289],[-75.713874,39.565282],[-75.713884,39.565274],[-75.713893,39.565266],[-75.713903,39.565257],[-75.713911,39.565245],[-75.713919,39.565233],[-75.713926,39.565223],[-75.713933,39.565215],[-75.713939,39.565208],[-75.713946,39.565202],[-75.713954,39.565197],[-75.713964,39.56519],[-75.713975,39.565184],[-75.713986,39.565178],[-75.713996,39.565171],[-75.714006,39.565164],[-75.714014,39.565157],[-75.714021,39.565148],[-75.714028,39.565141],[-75.714036,39.565134],[-75.714046,39.565127],[-75.714058,39.565119],[-75.714068,39.565111],[-75.714078,39.565102],[-75.714088,39.565094],[-75.714098,39.565086],[-75.714106,39.565078],[-75.714113,39.56507],[-75.714121,39.565062],[-75.71413,39.565053],[-75.714138,39.565045],[-75.714146,39.565037],[-75.714153,39.565028],[-75.71416,39.56502],[-75.714166,39.565013],[-75.714172,39.565006],[-75.714178,39.564999],[-75.714186,39.564991],[-75.714194,39.564983],[-75.714203,39.564976],[-75.714212,39.564969],[-75.714221,39.564961],[-75.714229,39.564954],[-75.714236,39.564945],[-75.714241,39.564936],[-75.714245,39.564928],[-75.714249,39.56492],[-75.714254,39.564911],[-75.71426,39.564903],[-75.714266,39.564895],[-75.714275,39.564887],[-75.714287,39.564877],[-75.714299,39.564867],[-75.714311,39.564858],[-75.714323,39.564849],[-75.714337,39.564839],[-75.71435,39.56483],[-75.714361,39.564821],[-75.714371,39.564813],[-75.71438,39.564806],[-75.714389,39.564798],[-75.714398,39.56479],[-75.714405,39.564782],[-75.714412,39.564774],[-75.714419,39.564765],[-75.714426,39.564757],[-75.714432,39.564749],[-75.714439,39.56474],[-75.714446,39.564731],[-75.714453,39.564723],[-75.71446,39.564714],[-75.714466,39.564706],[-75.714473,39.564698],[-75.714479,39.56469],[-75.714485,39.564683],[-75.71449,39.564676],[-75.714495,39.564668],[-75.714501,39.564659],[-75.714508,39.564651],[-75.714518,39.564644],[-75.714529,39.564637],[-75.71454,39.56463],[-75.714549,39.564624],[-75.714558,39.564616],[-75.714566,39.564609],[-75.714574,39.564601],[-75.714582,39.564594],[-75.714589,39.564587],[-75.714598,39.56458],[-75.714606,39.564572],[-75.714614,39.564565],[-75.714621,39.564557],[-75.714627,39.564549],[-75.714634,39.564543],[-75.714641,39.564536],[-75.714648,39.564528],[-75.714655,39.564521],[-75.714662,39.564512],[-75.714668,39.564504],[-75.714674,39.564497],[-75.714681,39.56449],[-75.714686,39.564484],[-75.714691,39.564477],[-75.714696,39.564468],[-75.714703,39.56446],[-75.71471,39.564451],[-75.714718,39.564443],[-75.714726,39.564435],[-75.714733,39.564426],[-75.714741,39.564417],[-75.714748,39.564409],[-75.714756,39.564401],[-75.714762,39.564394],[-75.714767,39.564386],[-75.714773,39.564379],[-75.714779,39.564372],[-75.714786,39.564366],[-75.714795,39.564361],[-75.714804,39.564354],[-75.714812,39.564347],[-75.714819,39.564339],[-75.714825,39.564331],[-75.714831,39.564323],[-75.714839,39.564316],[-75.714847,39.564309],[-75.714855,39.564303],[-75.714864,39.564296],[-75.714873,39.564289],[-75.714882,39.564281],[-75.71489,39.564274],[-75.714898,39.564265],[-75.714906,39.564256],[-75.714914,39.564248],[-75.71492,39.564241],[-75.714928,39.564234],[-75.714937,39.564225],[-75.714946,39.564215],[-75.714955,39.564205],[-75.714963,39.564195],[-75.71497,39.564185],[-75.714977,39.564174],[-75.714984,39.564164],[-75.714991,39.564153],[-75.714995,39.564142],[-75.714999,39.56413],[-75.715002,39.564118],[-75.715006,39.564106],[-75.715012,39.564096],[-75.715019,39.564088],[-75.715027,39.564081],[-75.715035,39.564074],[-75.715044,39.564067],[-75.715052,39.56406],[-75.71506,39.564053],[-75.715067,39.564046],[-75.715075,39.564039],[-75.715083,39.564033],[-75.715091,39.564027],[-75.715098,39.564021],[-75.715104,39.564014],[-75.715111,39.564007],[-75.715117,39.564],[-75.715124,39.563992],[-75.71513,39.563984],[-75.715137,39.563975],[-75.715143,39.563967],[-75.715148,39.563958],[-75.715155,39.563949],[-75.715163,39.56394],[-75.715171,39.563931],[-75.715181,39.563923],[-75.71519,39.563915],[-75.715201,39.563906],[-75.715212,39.563898],[-75.715223,39.563891],[-75.715232,39.563885],[-75.715241,39.56388],[-75.715249,39.563873],[-75.715256,39.563867],[-75.71526,39.563862],[-75.715262,39.563856],[-75.715264,39.56385],[-75.715265,39.563844],[-75.715267,39.563837],[-75.715269,39.563829],[-75.715272,39.563822],[-75.715274,39.563815],[-75.715276,39.563809],[-75.715278,39.563803],[-75.715278,39.563797],[-75.715278,39.56379],[-75.715277,39.563784],[-75.715276,39.563777],[-75.715274,39.56377],[-75.715272,39.563761],[-75.71527,39.563752],[-75.715268,39.563743],[-75.715266,39.563733],[-75.715263,39.563723],[-75.71526,39.563714],[-75.715257,39.563706],[-75.715255,39.563696],[-75.715252,39.563686],[-75.715249,39.563677],[-75.715246,39.563667],[-75.715244,39.563658],[-75.715245,39.563649],[-75.715246,39.56364],[-75.715248,39.56363],[-75.71525,39.563619],[-75.715249,39.563609],[-75.715247,39.563599],[-75.715244,39.563589],[-75.71524,39.563578],[-75.715234,39.563567],[-75.715229,39.563558],[-75.715225,39.563549],[-75.715221,39.563541],[-75.715216,39.563532],[-75.715213,39.563523],[-75.71521,39.563515],[-75.715206,39.563507],[-75.715203,39.5635],[-75.715202,39.563492],[-75.715202,39.563483],[-75.715201,39.563473],[-75.715201,39.563464],[-75.7152,39.563456],[-75.715198,39.563446],[-75.715195,39.563437],[-75.715192,39.563429],[-75.71519,39.563421],[-75.715188,39.563414],[-75.715185,39.563407],[-75.715182,39.563398],[-75.715178,39.56339],[-75.715173,39.56338],[-75.715168,39.56337],[-75.715163,39.56336],[-75.715157,39.563351],[-75.715152,39.563342],[-75.715147,39.563334],[-75.715142,39.563326],[-75.715137,39.563318],[-75.715131,39.563309],[-75.715125,39.563301],[-75.715119,39.563294],[-75.715113,39.563286],[-75.715107,39.563278],[-75.715103,39.563271],[-75.715099,39.563265],[-75.715094,39.563258],[-75.715089,39.563251],[-75.715082,39.563245],[-75.715075,39.563238],[-75.715068,39.56323],[-75.715062,39.563221],[-75.715058,39.563212],[-75.715055,39.563203],[-75.715051,39.563193],[-75.715047,39.563183],[-75.715044,39.563171],[-75.715041,39.56316],[-75.715039,39.56315],[-75.715036,39.56314],[-75.715034,39.563131],[-75.715032,39.563123],[-75.715029,39.563114],[-75.715026,39.563104],[-75.715022,39.563095],[-75.71502,39.563085],[-75.715019,39.563077],[-75.715019,39.563068],[-75.715019,39.563059],[-75.715018,39.56305],[-75.715017,39.563041],[-75.715016,39.563031],[-75.715013,39.563021],[-75.715008,39.56301],[-75.715001,39.562999],[-75.714992,39.56299],[-75.714982,39.562981],[-75.714973,39.562974],[-75.714966,39.562966],[-75.714961,39.562957],[-75.714957,39.562948],[-75.714954,39.562939],[-75.714951,39.562931],[-75.714948,39.562922],[-75.714945,39.562913],[-75.714943,39.562903],[-75.71494,39.562894],[-75.714937,39.562884],[-75.714933,39.562873],[-75.71493,39.562863],[-75.714927,39.562853],[-75.714925,39.562843],[-75.714923,39.562833],[-75.71492,39.562823],[-75.714916,39.562813],[-75.714912,39.562803],[-75.714909,39.562793],[-75.714907,39.562784],[-75.714905,39.562774],[-75.714904,39.562765],[-75.714902,39.562757],[-75.7149,39.562748],[-75.714898,39.562739],[-75.714897,39.562729],[-75.714895,39.562719],[-75.714894,39.562708],[-75.714893,39.562698],[-75.714894,39.562688],[-75.714895,39.562678],[-75.714895,39.562668],[-75.714895,39.562658],[-75.714896,39.562648],[-75.714896,39.562637],[-75.714895,39.562627],[-75.714894,39.562617],[-75.714892,39.562607],[-75.714889,39.562598],[-75.714887,39.562589],[-75.714885,39.56258],[-75.714883,39.562571],[-75.714881,39.562561],[-75.714879,39.562551],[-75.714877,39.562542],[-75.714875,39.562534],[-75.714872,39.562526],[-75.71487,39.562518],[-75.714867,39.562511],[-75.714863,39.562504],[-75.71486,39.562497],[-75.714856,39.562489],[-75.714854,39.562482],[-75.714851,39.562474],[-75.714849,39.562467],[-75.714846,39.562459],[-75.714842,39.56245],[-75.714837,39.562442],[-75.714832,39.562435],[-75.714826,39.562427],[-75.714819,39.562419],[-75.714813,39.56241],[-75.714809,39.562402],[-75.714805,39.562393],[-75.714801,39.562385],[-75.714798,39.562376],[-75.714795,39.562367],[-75.714792,39.562357],[-75.714788,39.562347],[-75.714785,39.562337],[-75.714782,39.562328],[-75.714779,39.562319],[-75.714776,39.562312],[-75.714774,39.562304],[-75.714772,39.562296],[-75.71477,39.562287],[-75.714767,39.562279],[-75.714763,39.56227],[-75.714759,39.562263],[-75.714755,39.562256],[-75.71475,39.562248],[-75.714744,39.562239],[-75.714737,39.56223],[-75.71473,39.56222],[-75.714724,39.562209],[-75.714718,39.562198],[-75.714712,39.562187],[-75.714705,39.562176],[-75.714698,39.562165],[-75.71469,39.562154],[-75.714682,39.562144],[-75.714675,39.562134],[-75.714668,39.562125],[-75.714662,39.562116],[-75.714655,39.562106],[-75.714648,39.562097],[-75.71464,39.562087],[-75.714632,39.562077],[-75.714625,39.562068],[-75.714618,39.562058],[-75.714612,39.562048],[-75.714607,39.562037],[-75.714603,39.562026],[-75.714599,39.562016],[-75.714596,39.562006],[-75.714592,39.561996],[-75.714589,39.561986],[-75.714586,39.561976],[-75.714582,39.561966],[-75.714578,39.561956],[-75.714574,39.561946],[-75.71457,39.561937],[-75.714566,39.561928],[-75.714563,39.561919],[-75.71456,39.56191],[-75.714557,39.561902],[-75.714555,39.561892],[-75.714554,39.561883],[-75.714555,39.561874],[-75.714556,39.561866],[-75.714559,39.561858],[-75.714562,39.56185],[-75.714565,39.561841],[-75.714568,39.56183],[-75.714571,39.561817],[-75.714574,39.561806],[-75.714576,39.561796],[-75.714578,39.561787],[-75.714579,39.561778],[-75.714581,39.561769],[-75.714582,39.56176],[-75.714583,39.56175],[-75.714584,39.56174],[-75.714584,39.561731],[-75.714585,39.561721],[-75.714586,39.561712],[-75.714587,39.561703],[-75.714588,39.561694],[-75.71459,39.561686],[-75.714592,39.561677],[-75.714595,39.561667],[-75.714597,39.561658],[-75.714599,39.561649],[-75.714601,39.561639],[-75.714603,39.561629],[-75.714605,39.561618],[-75.714608,39.561609],[-75.714612,39.5616],[-75.714615,39.561591],[-75.714618,39.561582],[-75.714622,39.56157],[-75.714624,39.561558],[-75.714626,39.561548],[-75.714626,39.561539],[-75.714625,39.56153],[-75.714624,39.561522],[-75.714623,39.561514],[-75.71462,39.561505],[-75.714617,39.561496],[-75.714612,39.561488],[-75.714606,39.56148],[-75.714601,39.561472],[-75.714596,39.561466],[-75.714592,39.561459],[-75.714586,39.56145],[-75.71458,39.561442],[-75.714573,39.561434],[-75.714565,39.561426],[-75.714557,39.561418],[-75.714549,39.561411],[-75.714541,39.561402],[-75.714532,39.561395],[-75.714523,39.561387],[-75.714514,39.561379],[-75.714506,39.56137],[-75.714498,39.561361],[-75.714492,39.561352],[-75.714485,39.561342],[-75.714477,39.561332],[-75.714469,39.561322],[-75.714461,39.561311],[-75.714453,39.5613],[-75.714444,39.56129],[-75.714435,39.561279],[-75.714427,39.561269],[-75.714421,39.56126],[-75.714415,39.56125],[-75.71441,39.561239],[-75.714404,39.561228],[-75.714396,39.561216],[-75.714388,39.561205],[-75.714378,39.561195],[-75.714367,39.561187],[-75.714355,39.56118],[-75.714343,39.561175],[-75.714331,39.561169],[-75.714319,39.561164],[-75.714307,39.561158],[-75.714295,39.561152],[-75.714282,39.561147],[-75.714271,39.561142],[-75.714261,39.561139],[-75.714251,39.561135],[-75.714241,39.561133],[-75.714231,39.56113],[-75.714221,39.561127],[-75.71421,39.561124],[-75.714199,39.56112],[-75.714188,39.561115],[-75.714176,39.561111],[-75.714166,39.561108],[-75.714157,39.561104],[-75.71415,39.561101],[-75.714145,39.561099],[-75.714142,39.561098],[-75.714141,39.561097],[-75.71414,39.561096],[-75.71414,39.561095],[-75.71414,39.561093],[-75.714139,39.56109],[-75.714137,39.561086],[-75.714134,39.561081],[-75.714128,39.561076],[-75.71412,39.56107],[-75.714111,39.561064],[-75.714102,39.561058],[-75.714093,39.561052],[-75.714086,39.561045],[-75.71408,39.561039],[-75.714076,39.561033],[-75.714072,39.561027],[-75.714066,39.561023],[-75.714058,39.561019],[-75.714049,39.561014],[-75.714039,39.56101],[-75.714028,39.561005],[-75.714017,39.561],[-75.714006,39.560994],[-75.713996,39.560989],[-75.713986,39.560983],[-75.713975,39.560977],[-75.713964,39.560971],[-75.713954,39.560964],[-75.713944,39.560958],[-75.713935,39.560952],[-75.713927,39.560946],[-75.71392,39.56094],[-75.713913,39.560933],[-75.713905,39.560928],[-75.713896,39.560922],[-75.713886,39.560916],[-75.713874,39.560909],[-75.713862,39.560901],[-75.71385,39.560893],[-75.713839,39.560886],[-75.713829,39.560878],[-75.713818,39.560868],[-75.713808,39.560858],[-75.713798,39.560847],[-75.713788,39.560835],[-75.71378,39.560821],[-75.713773,39.560807],[-75.713769,39.560791],[-75.713767,39.560774],[-75.713764,39.560756],[-75.713762,39.560739],[-75.713761,39.560724],[-75.713762,39.56071],[-75.713764,39.560696],[-75.713767,39.560682],[-75.713769,39.560668],[-75.713774,39.560656],[-75.71378,39.560645],[-75.713785,39.560635],[-75.71379,39.560623],[-75.713794,39.560612],[-75.713797,39.560601],[-75.7138,39.560592],[-75.713804,39.560583],[-75.713809,39.560575],[-75.713813,39.560566],[-75.713816,39.560557],[-75.713819,39.560548],[-75.713821,39.56054],[-75.713823,39.560532],[-75.713825,39.560525],[-75.713827,39.56052],[-75.71383,39.560512],[-75.713833,39.560504],[-75.713836,39.560495],[-75.713838,39.560486],[-75.71384,39.560476],[-75.713842,39.560466],[-75.713845,39.560456],[-75.713849,39.560446],[-75.713855,39.560436],[-75.713863,39.560429],[-75.713873,39.560421],[-75.713882,39.560411],[-75.713892,39.560402],[-75.713903,39.560391],[-75.713913,39.56038],[-75.713922,39.560369],[-75.71393,39.560359],[-75.713938,39.560348],[-75.713945,39.560338],[-75.713952,39.560328],[-75.713958,39.560318],[-75.713961,39.560309],[-75.713963,39.5603],[-75.713965,39.56029],[-75.71397,39.560279],[-75.713975,39.560269],[-75.71398,39.560259],[-75.713985,39.560249],[-75.71399,39.560239],[-75.713996,39.560228],[-75.714002,39.560218],[-75.714008,39.560206],[-75.714013,39.560196],[-75.714016,39.560184],[-75.714019,39.560173],[-75.714021,39.560162],[-75.714024,39.560153],[-75.714029,39.560144],[-75.714034,39.560135],[-75.714038,39.560129],[-75.71404,39.560122],[-75.714044,39.560115],[-75.71405,39.560106],[-75.714059,39.560097],[-75.71407,39.560087],[-75.71408,39.560077],[-75.714087,39.560066],[-75.714095,39.560056],[-75.714103,39.560045],[-75.714112,39.560035],[-75.71412,39.560025],[-75.714128,39.560015],[-75.714135,39.560005],[-75.714141,39.559996],[-75.714147,39.559987],[-75.714154,39.559978]]}}
